店铺id,店铺名称,风格标签,店铺评分,月销量,配送费用（元）,配置起步价（元）,配送时长（分钟）,店铺地址
156037383,探鱼(欢乐颂店),川湘菜,4.8,170,8.5,20,39,深圳市南山区南头街道南新路3030号南山欢乐颂购物中心第二层L2F211号商铺
161192687,猿串（大新店）,地方小吃,5,424,9,20,39,深圳市南山区南头街道大新村福惠街83号
1130219,东北饺子,饺子馄饨,4.3,730,1,16,39,深圳市南山区白石路桂庙新村38号一楼
1264804,太清甜品(深大店),甜品,4.8,736,4,20,38,深圳市南山区粤海街道学府东路桂庙宿舍楼一楼4-21-1号商铺
1395224,盛京满族传统烧烤(南头店),烧烤,4.6,1974,0,20,48,深圳市南山区南头街道荔园路以南丽乐美居B栋109
161487040,阿姨烧烤店,烧烤,4.5,1127,6,38,39,深圳市南山区学府东路桂庙新村26栋一楼
157802305,贡茶（南山大道店）,地方小吃,4.7,3563,0,0,38,深圳市南山区南山街道海德二道新南村8-2号
1244435,浓农情怡鲜炖燕窝（深大店）,其他菜系,5,37,0,0,30,深圳市南山区粤海街道桂庙新村33号学府楼106号
1008698,TheONE炭茶(深大店),奶茶果汁,4.9,456,4,0,27,深圳市南山区粤海街道学府路桂庙新村71栋1楼
1534905,贡茶（南山中心店）,地方小吃,4.4,2314,0,0,47,深圳市南山区南头街道桃园西路大新村8号105铺
161581276,林记尚香蛋包饭,生煎锅贴,4.4,7715,4.5,20,44,深圳市南山区南山街道南光商业街正龙村5-1号
579718,Pelicana百利家炸鸡(海岸城店),炸鸡炸串,4.7,414,6.5,20,39,深圳市南山区粤海街道海岸大厦西座230
147206009,卡路里厨房(桂庙店),西餐,4.7,55,3,20,35,深圳市南山区粤海街道桂庙新村37栋西部校园风味美食街B8
639893,没有外卖,甜品,4.8,817,2,12,30,深圳市南山区粤海街道桂庙新村39栋左侧小铺
150855797,茅草屋烧烤(马家龙店),烧烤,4.6,526,2,20,41,深圳市南山区艺园路58栋旁
161708724,尊宝比萨（常兴路店）,披萨意面,4.8,228,5,30,38,深圳市南山区南头街道桃园路常丰花园B座首层2#铺位
317602,肯德基宅急送（高新区店）,炸鸡炸串,4.6,374,9,0,30,深圳市南山区高新区南区综合服务楼1楼餐厅东北角
22985,汉堡家,炸鸡炸串,4.7,1290,2,15,28,深圳市南山区粤海街道学府路桂庙新村37号-1号A7铺
355801,窑鸡王（桂庙店）,地方小吃,4.7,503,9,0,30,深圳市南山区粤海街道书山路3011-2号
161251731,拾壹小食小汽锅,香锅砂锅,4.8,631,6,20,29,深圳市南山区粤海街道桂庙新村学府城购物街35-1-12号
158812567,乐万家餐厅,盖浇饭,0,16,8,20,32,深圳市南山区粤海街道桂庙新村36-1
160725987,车前外带寿司(南山店),日韩料理,4.7,1254,5.5,20,41,深圳市南山区南山街道南光村84号104
1963241,二郎田鸡（桂庙店）,川湘菜,5,71,6.5,20,37,深圳市南山区桂庙路以北南山大道以东光彩新天地公寓108号铺A2
150160115,汉堡到家(南头店),炸鸡炸串,4.6,2814,4,22,38,深圳市南山区南头街道一甲村一甲楼1楼143号
155934926,港式滋补蒸鸡,鸭脖卤味,4.8,323,3,20,38,深圳市南山区南山街道南光村82栋102号
19946,串串香,地方小吃,4.7,2885,1,10,39,深圳市南山区学府路桂庙新村28--6
158725822,仙庙烧鸡(南头店),粤菜,4.9,100,7,20,37,深圳市南山区南头街道南头街旺海怡苑首层100-11
640197,深圳麦当劳南山餐厅,炸鸡炸串,4.8,2533,9,0,39,广东省深圳市南山区南山大道愉康大厦1楼55-62号 证件到期日: 2017-
1213155,周黑鸭(深圳学府店),鸭脖卤味,4.9,343,8,20,31,深圳市南山区学府路康乐大厦裙楼BC区K1016号
157005843,半夜虾叫小龙虾(桃园店）,小龙虾,4.8,73,5,0,34,深圳市南山区南山街道荔芳村B栋134
145354040,君丰园东北家常菜,其他菜系,4.8,175,8,20,34,深圳市南山区南光路阳光华艺大厦1栋103
159394086,潮泰牛肉店(南山店),米粉面馆,4.8,1695,8.5,20,33,深圳市南山区南山街道桂庙路50号亿利达精英综合楼1楼西侧
69292,皇家鸡排（深大店）,炸鸡炸串,4.7,533,2,8,39,深圳市南山区粤海街道桂庙新村37号西部校园美食街F1
157173587,缘禾米日式料理·简餐,日韩料理,4.7,2235,8,20,36,深圳市南山区南山街道南光城市花园A15-1
159240461,江本家料理,日韩料理,5,248,3.8,23,44,深圳市南山区粤海街道桂庙新村西部创业园39-9
166996,绝味鸭脖（深南花园店）,鸭脖卤味,4.4,271,6,60,38,深圳市南山区粤海街道科技中深南花园群楼B座11-6
156447694,浅葱小唱（科苑店）,川湘菜,4.6,605,8.5,20,31,深圳市南山区科苑路11号金融科技大厦裙楼一层C单元
155609900,鸿来轩港式茶餐厅,粤菜,5,117,6.5,20,36,深圳市南山区南山街道南新路2313号
153469098,撸阿撸烧烤(南山枫叶店),烧烤,5,141,10,20,44,深圳市南山区南山街道南山大道南园枫叶大厦110A-1
157698377,潮汕白粥(学府店),粤菜,4.9,42,9,20,32,深圳市南山区南山街道学府路荔芳四街荔芳村B栋1-5
157698377,潮汕白粥(学府店),粤菜,4.9,42,9,20,32,深圳市南山区南山街道学府路荔芳四街荔芳村B栋1-5
156447694,浅葱小唱（科苑店）,川湘菜,4.6,605,8.5,20,31,深圳市南山区科苑路11号金融科技大厦裙楼一层C单元
837912,海底捞小火锅外送(桃园路店）,火锅烤鱼,4.9,116,15,58,38,深圳市南山区南头街道桃园路与南光路交汇处田夏金牛广场B1楼B-16号
156791648,蜜哆哆韩式炸鸡（深圳桃园店）,炸鸡炸串,4.8,1789,6,0,38,深圳市南山区南头街道桃园路195号-2
150986197,面点王（前海店）,地方小吃,4.9,308,9,20,36,深圳市南山区前海路与桃园路交汇处港湾丽都1楼121号铺
157714838,堕落小龙虾（马家龙店）,川湘菜,4.8,116,5,39,36,深圳市南山区南头街道大新路荔园新村12栋9号商铺
155917990,老东北饺子馆,东北菜,5,241,7,20,36,深圳市南山区荔园路丽乐美居B栋107
1040922,咸骨粥饺子王（深大店）,包子粥店,4.8,2147,6,20,27,深圳市南山区粤海街道桂庙新村32号102
135722,酒煎薄利韩国料理,日韩料理,4.7,604,6,20,32,深圳市南山区南山街道南光路西南明珠住宅1栋104D
1445268,记德来,盖浇饭,4.8,208,2,18,40,深圳市南山区粤海街道桂庙新村西部美食街B7
161163580,超级物种（创投美食店）,日韩料理,4.7,1359,3,18,49,深圳市南山区粤海街道科园路深圳湾创业投资大厦一层
159287373,老班长手工灌汤包(南山茂业店),粤菜,4.8,75,8.5,20,33,深圳市南山区粤海街道海德二道258号茂业时代广场裙楼负一层B01006A铺位
2183104,妈妈手艺港点靓粥(欢乐颂店),粤菜,4.7,663,8.5,20,33,深圳市南山区南头街道南新路3030金福瑞购物广场（现称南山欢乐颂购物中心）负一层F01-1商铺
1408955,火胖子肥肠煲（田厦村店）,川湘菜,4.9,84,9,20,40,南山区南新路2122号一楼
313435,义泰昌现炒快餐（学府店）,盖浇饭,4.7,5942,6,20,48,深圳市南山区南山街道南新路西侧大陆庄园4#一层商场D、E
156244863,蛙奴炭烧牛蛙,火锅烤鱼,5,50,8.5,20,29,深圳市南山区南头街道常兴路126号常兴广场首层西8号9号商铺
997786,正宗冰城原味烧烤,烧烤,4.6,137,6,20,35,深圳市南山区南山街道南新路富嘉名阁107号
155827699,满记甜品（海岸城292店）,奶茶果汁,5,147,9,20,32,深圳市南山区粤海街道文心五路33号海岸城广场第292号
773462,港堡汉堡(南山店),炸鸡炸串,4.5,2541,6,20,47,深圳市南山区南头街道大新村3号5铺
2165747,绿茶餐厅(深圳欢乐颂店),江浙菜,4.7,2064,8.5,20,40,深圳市南山区南头街道南新路3030号南山欢乐颂311.312.313.314号商铺
2165747,绿茶餐厅(深圳欢乐颂店),江浙菜,4.7,2064,8.5,20,40,深圳市南山区南头街道南新路3030号南山欢乐颂311.312.313.314号商铺
150996968,陈记麻辣香锅,香锅砂锅,4.7,6875,6.5,20,35,深圳市南山区南山街道南山大道2015光大村C栋115铺
1388819,香港新君豪烧腊茶餐厅(常兴店),粤菜,4.8,2872,5.5,20,33,深圳市南山区南头街道常兴路房管综合楼一层南面B
155768891,米先生港式铁板炒饭（学府路店）,盖浇饭,4.7,6943,4,20,38,深圳市南山区南山街道学府路仓前锦福苑7栋1号
1405669,潮客汤粉王,米粉面馆,4.8,516,7,20,35,深圳市南山区南山街道丁头村199号101
552898,唐记烧鹅,简餐,4.8,2129,6,20,26,深圳市南山区粤海街道学府东路48-26
1783013,杨国福麻辣烫(深大店）,麻辣烫,4.5,1663,6,20,26,深圳市南山区粤海街道学府路桂庙新村68栋-1-3
161331048,鸡本煮意焖骚鸡（南山店）,小龙虾,4.6,72,8,20,32,深圳市南山区南头街道南山大道2068号南桥花园一层101号
1818871,钰记丰顺捆粄,盖浇饭,4.7,1091,7,20,36,深圳市南山区南山街道丁头村194号
423040,味满寿司藤本奶茶,日韩料理,5,65,0,0,39,深圳市南山区桂庙新村37号-1号商铺
156811373,老三潮汕牛肉粿汤(南新店),地方小吃,4.5,667,7,20,35,深圳市南山区南头街道田厦村南新路2219号铺
1095306,麦乐基炸鸡汉堡,汉堡,4.5,4651,6,20,49,深圳市南山区南山街道南新路南园村新三坊20-2店铺
1528941,沙县特色小吃,盖浇饭,4.7,950,6,20,31,深圳市南山区南山街道南光路75-9号
161717365,舌尖疯狂•现煲砂锅(后海店),川湘菜,4.3,1978,7.5,20,51,深圳市南山区粤海街道后海第一统建楼A-107铺
153761287,良好中药汤麻辣烫(深大店),麻辣烫,4.4,1714,2,20,44,深圳市南山区粤海街道桂庙新村学府城购物街（35-1）1楼20号
154723661,汉克斯炸鸡汉堡(南油店),汉堡,4.5,2917,4,60,39,深圳市南山区粤海街道南油B区南商路68-8-2号
450800,小橙都古法冒菜（南新店）,麻辣烫,4.9,807,6.5,20,37,深圳市南山区南头街道南新路2084号
156980281,京馔手工吐司,甜品,5,101,6.5,20,33,深圳市南山区南头街道学府路荔苑小区综合楼76-4#
538357,帅帅麻辣烫,麻辣烫,4.6,1802,2,18,49,深圳市南山区桂庙新村37号-1号商铺
161885583,粥员外(学府店),包子粥店,4.8,2105,5,20,38,深圳市南山区南头街道荔馨村A1栋121号铺
157424538,同仁四季（南山店）,简餐,4.9,1174,8,20,28,深圳市南山区桃源街道桃园路北侧田厦翡翠明珠花园1栋C5(A33-A42)
160132276,胖哥俩肉蟹煲(南山保利店),江浙菜,4.2,350,10,20,47,深圳市南山区粤海街道南山商业文化中心区保利文化广场（A）区（三）层 A3-09
98538,韩式紫菜饭团（深大店）,盖浇饭,4.6,582,1,15,38,深圳市南山区深圳大学西8栋芸香阁105号
1526225,顺盈布拉肠粉(田厦金牛店),盖浇饭,4.9,4034,5,20,29,深圳市南山区南头街道桃园路与南光路交汇处田厦金牛广场B座B一楼A2号铺位
161885583,粥员外(学府店),包子粥店,4.8,2105,5,20,38,深圳市南山区南头街道荔馨村A1栋121号铺
153225911,茶点鲜（南山店）,粤菜,4.5,301,9,20,35,深圳市南山区南山街道南新路丁头村2号
161316073,爽爽甜品（南头店）,炸鸡炸串,4.7,1174,5,20,38,深圳市南山区南山街道南新路丁头村154号-3
155166872,道味炸酱面(南山店),米粉面馆,4.6,569,6.5,20,34,深圳市南山区南山街道学府路荔芳二街11-12号铺
157473903,厉害了炒饭(深圳学府店),盖浇饭,4.6,1542,4.5,20,41,深圳市南山区南山街道南山大道2009号亿利达村4栋105
161624620,文和友老长沙臭豆腐,炸鸡炸串,4.6,84,8.5,20,34,深圳市南山区南头街道常兴路家乐福商场出口处商铺
763172,一品麻辣香锅,香锅砂锅,4.6,4961,6,20,35,深圳市南山区南头街道南新3083大新商厦B栋2F6号
157963952,福多多煲仔饭,煲仔饭,4.2,2899,3.5,20,43,深圳市南山区南头街道南新路3083号大新商厦B栋2楼22号
303198,湘味人家,川湘菜,4.1,1105,5,0,40,深圳市南山区南头街道马家龙荔园新村2栋A104号
2244597,云吞面世家,米粉面馆,4.5,1232,6.5,20,32,深圳市南山区南头街道南新路3083号大新商厦B栋1F56号
1875654,正新鸡排（学府店）,炸鸡炸串,4.8,1944,6.5,20,37,深圳市南山区南头街道桃苑单身公寓A110（学府路68-25号）
162172552,米多面多(南海大道店),盖浇饭,4.7,636,5,15,32,深圳市南山区粤海街道晶品居1楼139号
479345,香港维景茶餐厅,粤菜,4.8,498,7,20,36,深圳市南山区南头街道前海路西桃园路南港湾丽都花园商铺138-139号（原121号）
55249,陈记三及第(登良路店),米粉面馆,4.5,7497,3.5,20,44,深圳市南山区南山街道登良路39号
150877605,杭州小笼包(钰龙园店),包子粥店,4.9,1937,6.5,20,31,深圳市南山区南头街道南新路钰龙园B栋3058-48
156382831,老友记螺蛳粉(深大店),米粉面馆,4.8,760,4,25,31,深圳市南山区粤海街道学府路桂庙新村37号西部校园风味美食街E1铺
161535402,范小喵芝士焗饭,东南亚菜,4.4,3476,5,20,44,深圳市南山区南头街道大新新村34号101-3号
156382831,老友记螺蛳粉(深大店),米粉面馆,4.8,760,4,25,31,深圳市南山区粤海街道学府路桂庙新村37号西部校园风味美食街E1铺
1975363,汉克斯炸鸡汉堡(南山店),汉堡,4.4,2139,6,50,48,深圳市南山区南山街道大板桥巷22号102铺
455156,湘攸大碗菜,川湘菜,4.4,6104,3,20,41,深圳市南山区向南村西街8号一楼
161358561,撸骨,简餐,4.7,3496,6.5,20,46,深圳市南山区粤海街道南油兴南路9－2号
161607615,芝心年糕火锅,地方小吃,5,138,2,20,37,深圳市南山区粤海街道桂庙新村37栋A13-2
423070,一品香兰州拉面,米粉面馆,4.6,1669,0,15,48,深圳市南山区粤海街道桂庙新村74-3
473530,煌上煌(南山桂庙新村店),鸭脖卤味,5,57,8,20,26,深圳市南山区粤海街道桂庙新村88栋华城百货1号铺
611953,新旺角肠粉王(南新路店),粤菜,4.9,1648,6.5,20,33,深圳市南山区南新路3037号
384207,海底捞火锅外送(桃园路店),火锅烤鱼,5,119,38,158,37,深圳市南山区南头街道桃园路与南光路交汇处田夏金牛广场B1楼B-16号
159315528,楼下猪扒包（登良店）,汉堡,4.7,2945,7.5,20,49,深圳市南山区粤海街道后海居委会第二统建楼商业裙楼3号商铺
161878704,粥可温 (大新店),包子粥店,4.8,1085,5.5,15,40,深圳市南山区南头街道南新路3083号大新商厦B栋2楼09号
156543208,杨国福麻辣烫（桃园店）,米粉面馆,4.6,477,7,20,27,深圳市南山区南头街道桃园路与南光路交汇处田厦金牛广场B座负一楼A-5号铺位
803177,外婆香冒菜,麻辣烫,4.8,484,1,16,40,深圳市南山区粤海街道桂庙新村74-2
144704195,兰博烤蹄(桂庙路店),奶茶果汁,5,184,5.5,20,34,深圳市南山区南山街道桂庙路1-8旁边
155443262,解牛派汕头功夫牛肉（常兴店）,粤菜,4.5,752,4.5,20,35,深圳市南山区南头街道常兴广场1-2号
159422530,美瑶家酱骨头（桃园店）,盖浇饭,4.9,1516,8.5,20,32,深圳市南山区南头街道南新路3083号大新商厦B栋1F59号
965846,特色潮汕鱼粥（南新路店）,包子粥店,4.6,1255,6,20,32,深圳市南山区南山街道南新路2011-2号
1937522,杭州小笼包(学府店),地方小吃,4.3,2123,4.5,20,37,深圳市南山区南山街道仓前锦福苑06-07栋1-17号商铺
160240588,头号粥铺(学府店),包子粥店,4.7,3877,5.5,0,40,深圳市南山区南山街道南山大道2017号中兴之家C栋119号铺
157524561,青春在线烤肉拌饭(后海店),盖浇饭,4.5,3748,3.5,20,43,深圳市南山区粤海街道粤海街道兴南路浪漫满屋32栋109号
156172410,雨田寿司(学府店),日韩料理,4.8,688,6.5,20,37,深圳市南山区南头街道学府路68-27号桃苑单身公寓A111-1旁边楼梯间
161104066,汉堡侠(南头店),炸鸡炸串,4.4,925,6,20,42,深圳市南山区南头街道大新社区大新新村96号104
2206981,邂逅椰子鸡,火锅烤鱼,3.8,69,7,20,41,深圳市南山区南头街道大新前海商业中心208-209A
1349693,佳泰砂锅粥(南山大道店),包子粥店,4.8,103,8.5,20,39,深圳市南山区南山大道1173号向南商业楼一楼3号
144704195,兰博烤蹄(桂庙路店),奶茶果汁,5,184,5.5,20,34,深圳市南山区南山街道桂庙路1-8旁边
130846,無名（深大店）,简餐,4.7,957,4,15,48,深圳市南山区粵海街道学府桂庙新村学府桂庙新村37栋A12
893087,MR.吾FIVE BITES热狗（欢乐颂店）,汉堡,4.4,160,8.5,20,32,深圳市南山区南山街道南新路3030号金福瑞购物中心“现称南山欢乐颂购物中心”一层G108号商铺
150874491,老上海馄饨铺(登良店),米粉面馆,4.6,11416,5.5,20,47,深圳市南山区南山街道登良路南园综合大楼首层西侧106号
20048,嘉味园,简餐,4.5,1889,2,20,36,深圳市南山区桂庙新村83号102
157993754,中逸鹅满堂(南头店),粤菜,4.7,850,8,20,34,深圳市南山区南头街道关口东街1号1楼2号商铺
2283928,众味客黄焖鸡米饭(科技园店),黄焖鸡米饭,4.4,395,5,20,37,深圳市南山区南头街道马家龙工业区玉泉路北南山汇金家园C栋商场01层C23
161449091,沙县小吃,米粉面馆,3.7,220,4,20,31,深圳市南山区粤海街道学府路桂庙宿舍楼4-18号之一
1845616,渔船长甲子餐厅(南山市场店),粤菜,3.8,135,12.98,20,38,深圳市南山区南山街道南新路富嘉名阁113号
161164649,鸡兄薯弟•炸鸡汉堡(南山店),炸鸡炸串,4.7,1695,5.5,20,43,深圳市南山区南头街道常兴新村64栋常兴一街5号
161360735,壹号煎饼侠(南油店),地方小吃,4.6,865,5.5,20,47,深圳市南山区粤海街道兴南路90号南油B区47栋一楼
161583970,百乐炸鸡汉堡,炸鸡炸串,4.6,2138,5,20,42,深圳市南山区南头街道大新新村14号
159258331,至味冒菜钵钵鸡,米粉面馆,4.7,420,5,20,43,深圳市南山区南山街道大板桥巷41号12铺
464493,必胜客（金鸡店）,炸鸡炸串,5,149,8.5,20,40,深圳市南山区南新路3022号金福瑞购物广场地下室-01层-B、商铺01层、商业02层复式1-3层、
161279517,小新台湾炸鸡(马家龙店),炸鸡炸串,5,218,5,20,37,深圳市南山区南头街道马家龙小区马家龙百货商场一号铺
1309857,烎烎小馆,小龙虾,4.3,53,7,20,39,深圳市南山区学府路华府花园1栋101
155791876,重庆麻辣烫（南山店）,米粉面馆,4.8,1874,6,20,32,深圳市南山区南头街道桃园西路常兴苑C2栋106
464493,必胜客（金鸡店）,炸鸡炸串,5,149,8.5,20,40,深圳市南山区南新路3022号金福瑞购物广场地下室-01层-B、商铺01层、商业02层复式1-3层、
1814990,凉皮先生(南山店),地方小吃,4.8,2020,6,20,40,深圳市南山区南山街道新南村14号106
1513943,小师妹港式烧腊,简餐,4.6,3026,4.5,20,45,深圳市南山区南头街道大新新村53号-103铺
154543402,烤谷 （南山店）,烧烤,4.8,45,7,20,37,深圳市南山区南山街道深圳市南山区南山街道南新路仓前锦福苑04-05栋1-13C
157083667,蒋阿姨砂锅凤爪（南新店）,炸鸡炸串,4.8,183,9,20,32,深圳市南山区南头街道深南大道12027-3
157207426,柠檬鱼专业酸菜鱼,火锅烤鱼,3.5,43,6.5,20,36,深圳市南山区南山街道南山大道新绿岛大厦1A-A4-1
1277356,千锤牛肉丸,盖浇饭,5,96,6.5,20,33,深圳市南山区海岸大厦西座119
161510565,三叔粥铺(南山店),地方小吃,4.8,3324,4.5,20,40,深圳市南山区南头街道仓前北村18-3
852567,香港银龙餐厅(前海店),粤菜,4.7,729,7.5,20,39,深圳市南山区南山街道学府路阳光棕榈园二期26栋一层108，109号铺
155899606,咸骨粥饺子王（南头店）,包子粥店,4.8,343,6,20,39,深圳市南山区南头街道中山西街26-1号
1364445,松哥油焖大虾（中山店）,小龙虾,4,56,15,168,40,深圳市南山区南头街道深南大道沃尔玛门口12027-3号
159264009,全民烤场（创业路店）,东北菜,5,52,9,20,42,深圳市南山区南山街道创业路3079号中兴工业城一栋一楼8号
155843533,李记砂锅粥大排档,粤菜,4.7,61,7,20,34,深圳市南山区南山街道南新路仓前锦福苑04-05栋1-252
1536872,杭州小笼包（南山店）,包子粥店,4.7,1755,5,20,31,深圳市南山区南山街道南光路西南海明珠103A
156055565,大掌柜凉皮肉夹馍(南山店),地方小吃,4.7,2794,6,20,40,深圳市南山区南山街道南新路丁头东村8栋101
1943545,咸骨粥饺子王（科技园店）,包子粥店,4.5,1840,6,20,37,深圳市南山区科技园科发路2号科技园30区10栋104
160280995,立谦花小甲(学府店),地方小吃,4.6,1421,6.5,20,32,深圳市南山区南山街道荔芳村A栋2-2号
153763057,柳州螺蛳粉,米粉面馆,4.8,914,4.5,20,32,深圳市南山区科发路3号长城电脑大厦3楼综合楼一楼东侧101
157427919,牛状元（深大店）,米粉面馆,4.4,223,4,10,28,深圳市南山区粤海街道桂庙新村西部校园美食街D5号
159264009,全民烤场（创业路店）,东北菜,5,52,9,20,42,深圳市南山区南山街道创业路3079号中兴工业城一栋一楼8号
155615078,台湾花甲王（南山店）,地方小吃,4.6,1527,6.5,20,46,深圳市南山区南山街道南山村正巷297栋101号
447126,老新疆,米粉面馆,5,163,0,16,38,深圳市南山区南山街道桂庙新村商业街35-1-25号
147205275,辣美汇风味虾滑（桂庙店）,麻辣烫,4.6,335,3,15,38,深圳市南山区粤海街道学府路桂庙新村西部创业园39#
155775852,平兴乳鸽王客家菜馆（大新店）,粤菜,4.9,75,7,20,38,深圳市南山区大新村87号一楼商铺
160240648,川妹子麻辣香锅（科技园店）,香锅砂锅,4.7,966,5,20,41,深圳市南山区南头街道明珠丽景1栋2号
143155647,沙县小吃,米粉面馆,4.9,92,6,20,26,深圳市南山区粤海街道科苑南路海阔天空雅居H栋12号商铺
1299194,崔福哥鸭血粉丝（学府店）,地方小吃,3.9,237,8,20,31,深圳市南山区南山街道学府花园哈佛园5栋501B-3、501B-4
157944067,哈哈镜（高新店）,鸭脖卤味,5,41,10,50,0,深圳市南山区粤海街道高新南环28号118A
152159545,小师妹便当（后海店）,盖浇饭,4.4,1711,5.5,20,42,深圳市南山区粤海街道登良路后海新村134号101铺
152328157,蟹匠1027,小龙虾,3.7,34,9,20,37,深圳市南山区南头街丽乐美居A栋108
152345566,辣些年·酸辣粉米线（南山店）,米粉面馆,4.9,1180,4.5,20,39,深圳市南山区南山街道光大村C栋116搞
155167486,汕尾风味,米粉面馆,3.9,262,6,20,35,深圳市南山区南山街道南海明珠住宅1栋105A
1946289,重庆万州卤菜,鸭脖卤味,5,67,7,20,32,深圳市南山区南山街道桂庙路84-3
2239180,张亮麻辣烫,麻辣烫,4.5,4474,5.5,20,37,深圳市南山区南头街道常兴田厦统建楼二栋1楼115-12号铺位
150164678,老上海馄饨铺（常兴天虹店）,米粉面馆,4.8,3997,5.5,20,32,深圳市南山区南头街道常兴路常兴广场首层20-1号铺
1427747,金庄园烧烤（学府店）,烧烤,4.7,301,9.5,20,40,深圳市南山区南山街道学府路阳光棕榈园199号
1519569,咸骨煲仔粥爽滑饺子王(学府店),包子粥店,4.6,1103,6.5,20,34,深圳市南山区南头街道学府路荔芳村荔芳二街8-11
155146236,帅帅砂锅麻辣烫,米粉面馆,4.6,1088,4,20,38,深圳市南山区南头街道义学街一坊8-3号
155146236,帅帅砂锅麻辣烫,米粉面馆,4.6,1088,4,20,38,深圳市南山区南头街道义学街一坊8-3号
156990942,汉唐源西安手工面馆,地方小吃,4.9,272,8.5,20,34,深圳市南山区南头街道常丰花园B座首层2#铺位东面
159313169,文寿司(南山店),日韩料理,3.9,529,6.5,20,48,深圳市南山区南山街道南园村正街54号1楼
161371344,阿姨米粉,米粉面馆,4.1,53,8.5,20,34,深圳市南山区南山街道光大村新一街1-9号
558656,云南过桥米线(学府店),米粉面馆,4.9,1210,6.5,20,32,深圳市南山区南山街道学府路以南四方院111-16号（原四方院119号）
157679341,初心台湾饭团炒酸奶,甜品,5,55,2,20,33,深圳市南山区粤海街道桂庙新村西部美食街a13商铺
2132826,臣记盐焗鸡,粤菜,5,50,7,20,35,深圳市南山区南头街道南新路2269号之一
19934,淘客寿司,日韩料理,4.7,303,3,20,39,深圳市南山区桂庙新村37号-1号商铺
341571,客难忘状元三及第,米粉面馆,4.8,1449,9,20,31,深圳市南山区南新路富嘉名阁101号
25145,E·go壹果,炸鸡炸串,5,61,6,20,29,深圳市南山区粤海街道桂庙新村37-1号B5
613297,孖宝,米粉面馆,4.8,560,2,15,38,深圳市南山区桂庙新村72号101房
155967891,物盘肠粉,米粉面馆,4.4,595,6.5,20,45,深圳市南山区粤海街道兴南路88号南油B区47栋一楼
1414276,粉之都（学府店）,米粉面馆,5,160,8.5,20,29,深圳市南山区南山街道学府路荔馨村A1栋101.122.123号商铺
995658,鹅良鱼粉,米粉面馆,4.7,382,5,12,27,深圳市南山区粤海街道学府路桂庙新村65-2号
161095739,西关东记(学府路店),甜品,4.7,199,8.5,20,37,深圳市南山区南头街道常兴路西侧金宝花园一楼商铺101号
1491372,袁东记烧烤,盖浇饭,5,69,8,20,36,深圳市南山区南山街道南光路南海明珠1栋103B-2
873467,正宗重庆麻辣烫(向南分店),麻辣烫,4.7,2104,7,20,36,深圳市南山区向南村大板桥22号一楼101铺
156187381,多乐堡,炸鸡炸串,4.8,1406,5.5,20,44,深圳市南山区粤海街道后海大道与登良路交汇处后海新村130号
308686,必胜客宅急送（后海店）,炸鸡炸串,4.9,510,9,0,40,深圳市南山区南山文化中心区海德二路茂业时代广场一楼118
1957979,日船章鱼小丸子（常兴天虹店）,地方小吃,4.8,304,6.5,20,30,深圳市南山区南头街道常兴广场首层西11-2号商铺
147034512,旺湘小厨,川湘菜,4.1,677,5,0,41,深圳市南山区南头街道艺园路荔园新村2栋A103铺
157762270,好好味面家,地方小吃,5,201,6,20,24,深圳市南山区粤海街道学府桂庙新村37栋西部百货B2档
160253092,Hotties火辣炸鸡 (南油店）,炸鸡炸串,4.6,388,8.5,20,45,深圳市南山区粤海街道南商路南门一坊B026
152341978,咸骨煲仔粥 爽滑饺子王（大板桥店）,饺子馄饨,4.7,602,6,20,44,深圳市南山区南山街道大板桥巷41-10号
161095739,西关东记(学府路店),甜品,4.7,199,8.5,20,37,深圳市南山区南头街道常兴路西侧金宝花园一楼商铺101号
26041,强记潮汕味道佳园,盖浇饭,4.4,1044,6,20,39,深圳市南山区粤海街道科发路2号科技工业园7栋113
157983804,蔡记小蛮椒麻辣烫(南山店),麻辣烫,4.4,3843,4.5,20,47,深圳市南山区南山街道亿利达大厦3栋1楼1006B
161371340,赵记柴火鸡饭,川湘菜,4.6,445,5,20,43,深圳市南山区南山街道向南村5坊9号102
957312,咸骨煲仔粥爽滑饺子王(总店),包子粥店,4.7,3495,6.5,20,48,深圳市南山区南山街道南山村东巷58号
361101,金牌隆江猪脚饭(大新店),简餐,4.7,659,6,20,41,深圳市南山区南头街道大新新村10—3商铺
152763984,湖南香辣烧烤（南山店）,地方小吃,4.4,50,6,20,32,深圳市南山区南头街道桃园路巷头新村22栋-102号
159225327,好又多柳州螺蛳粉(学府店),米粉面馆,4.7,845,4.5,20,34,深圳市南山区南山街道学府路荔芳村A栋120号房
155792729,苏记潮式肠粉店,米粉面馆,4.4,685,5,15,29,深圳市南山区粤海街道学府路37-1号西部百货美食街专柜位置C1苏记潮式肠粉店
2143737,大草原烤羊腿,地方小吃,3.5,15,7,20,35,深圳市南山区南山街道学府路151-1号
156343710,锦香园东北饺子馆,饺子馄饨,4.5,363,4,20,39,深圳市南山区南头街道马家龙社区大新路祥泰公寓136-2号
157838075,万家凉皮（南山店）,地方小吃,4.8,1233,6,20,41,深圳市南山区南山街道向南村一坊38号102
156658679,尚寿司拌饭·乌冬(桂庙店）,盖浇饭,5,6,5,20,31,深圳市南山区粤海街道粤桂社区桂庙新村66栋102商铺
157911723,辣些年酸辣粉小吃店(科技园店),米粉面馆,4.8,945,5,15,37,深圳市南山区粤海街道科技园三十区六栋123铺
156031308,向南木桶饭,川湘菜,4.6,263,7,20,32,深圳市南山区南山街道向南西街42号铺
155336869,老卤匠（现代城华庭店）,地方小吃,5,53,6,20,39,深圳市南山区南山街道南光路现代城华庭六栋105
157680992,皇家鸡排(桂庙新村店),炸鸡炸串,4.1,144,2,8,37,深圳市南山区粤海街道桂庙新村西部美食街F1-2
53512,重庆小吃麻辣烫,米粉面馆,4,340,2,16,38,深圳市南山区学府路桂庙新村65—1号
485957,重庆鸡公煲,香锅砂锅,4.8,590,7,20,33,深圳市南山区南头街道南新路2233-5号
155758198,唐记柳州螺蛳粉(南头店),米粉面馆,4.9,1371,6.5,20,32,深圳市南山区南头街道南新路3083号大新商厦B栋2楼26号
161331270,醉香米线（南山中心店）,地方小吃,4.8,657,6,20,37,深圳市南山区南头街道红花园社区关口路46-16号
161253283,饭饭,川湘菜,4.7,354,6,20,41,深圳市南山区南山街道正龙村统建楼D栋2号
150166624,老长沙臭豆腐（常兴店）,炸鸡炸串,4,181,10,30,33,深圳市南山区南头街道常兴路一街29-4号
813252,米兰爱琳披萨,披萨意面,4.9,129,6.5,20,46,深圳市南山区南山街道南油第二工业区203栋一层B11号
961131,威记肠粉王（东滨店）,其他菜系,4.9,492,7.5,20,47,深圳市南山区招商街道东滨路163号兰园大厦23号铺
161203602,桂粉缘柳州螺蛳粉(南山店),米粉面馆,4.6,1745,6,15,41,深圳市南山区南山街道学府路仓前锦福苑8栋一楼101-1
1207403,CC鲜榨果蔬吧（保利广场店 ）,奶茶果汁,5,43,9,20,33,深圳市南山区海德一道与文心六路交汇处保利广场A区二层连廊AB201号铺
161122382,淘汰郎小火锅（深圳白石洲店）,火锅烤鱼,4.7,73,18,0,0,深圳市南山区沙河街道白石洲沙河工业区26栋101B号
2163506,唐记麻辣烫,麻辣烫,4.4,3491,6,20,43,深圳市南山区南头街道南新路2225号
161510448,东关吉祥(学府店),地方小吃,5,250,7,20,33,深圳市南山区南头街道学府路北侧168-12号国兴苑1009铺
1395521,森木土豪酸辣粉,米粉面馆,4.2,71,7.5,20,38,深圳市
161340628,喜记光明乳鸽,炸鸡炸串,5,38,6.5,20,43,深圳市南山区南山街道南山村东巷33号壹楼102
154186874,龙哥酸辣粉,其他菜系,4.8,54,6,20,25,深圳市南山区粤海街道学府路桂庙新村49-3
141623270,花记柳州螺蛳粉(南油店),米粉面馆,4.6,3022,5.5,20,43,深圳市南山区粤海街道南油B区32栋112室
153954292,钟记开心花甲粉,米粉面馆,4.9,99,7,20,34,深圳市南山区南头街道前海路大新新村102号104铺
162204966,麻辣诱惑·小龙虾外送（蛇口店）,鸭脖卤味,5,10,20,0,0,深圳市南山区粤海街道华明路1-21号1栋21
162204966,麻辣诱惑·小龙虾外送（蛇口店）,鸭脖卤味,5,10,20,0,0,深圳市南山区粤海街道华明路1-21号1栋21
159433726,重庆仔川粤风味馆,川湘菜,4.4,37,9,20,33,深圳市南山区南山大道与创业路交汇处南光城市花园1栋A22
159045359,老上海馄饨铺（学府店）,米粉面馆,4.3,212,5.5,20,36,深圳市南山区南头街道学府路荔馨村A1栋104
147493493,千代野日本小吃店,日韩料理,3.5,40,9,20,41,深圳市南山区粤海街道南海大道东保利城花园3#4#楼一楼A01商铺
161400843,正宗重庆麻辣烫(南园店),地方小吃,4.1,1671,6.5,20,47,深圳市南山区南山街道南园社区南园村正二坊41-42号104
156049335,正宗淮南牛肉汤,米粉面馆,4.8,136,6,20,30,深圳市南山区南山街道学府路怡国大厦群楼159-160-C铺
146802250,石板豆庭,地方小吃,5,9,6,20,26,深圳市南山区粤海街道桂庙新村68-3-4
150145253,舌头记西北小吃(南山店),地方小吃,4.7,300,6.5,20,45,深圳市南山区南山街道桂庙路253号北头村西街6A
161485415,美味工坊便当小炒,盖浇饭,4.3,84,6,20,27,深圳市南山区粤海街道学府路桂庙新村37号西部风味美食街A8
369715,炜荣潮味猪杂汤,米粉面馆,4.3,83,6.5,20,43,深圳市南山区南园新村新二坊14号一楼101
143176127,无味水饺(三诺店),饺子馄饨,4.7,150,6,20,32,深圳市南山区南山街道三诺智慧大厦L1-04-01号铺位
161411344,晨光烧饼(欢乐颂店),地方小吃,5,48,5.5,20,36,深圳市南山区南头街道3083号大新旺角1F69号铺
2162708,稻香轩桂林米粉（大新店）,米粉面馆,4.9,92,9,20,32,深圳市南山区桃源西路前海花园1栋1层商铺108号铺
150886884,贡茶(美食快线店),地方小吃,4.5,556,3.5,20,41,深圳市南山区南头街道常兴新村14-1一楼东面座起一号
145351452,广顺小炒店,川湘菜,4.4,10,10.5,20,38,深圳市南山区南山街道南山村正巷183-1号
161356629,津牛堂湖南米粉小吃,川湘菜,4.8,136,8.5,20,32,深圳市南山区南头街道学府路68-23
989806,口之情烧烤,烧烤,5,44,10.5,20,40,深圳市南山区前海路东侧阳光花地苑A座103
156169890,牛漫漫,地方小吃,5,41,6.5,20,31,深圳市南山区常兴路常兴花园首层45号
157694394,老上海馄饨王(南新店),地方小吃,4.6,898,5,20,39,深圳市南山区南头街道南新路2211
161351887,正宗长沙臭豆腐（南新店）,川湘菜,5,58,6.5,20,34,深圳市南山区南头街道南新路3041号首层商铺东楼1号
989806,口之情烧烤,烧烤,5,44,10.5,20,40,深圳市南山区前海路东侧阳光花地苑A座103
150155327,冰城烧烤店,东北菜,4.2,78,6,20,36,深圳市南山区南山街道南新路东侧富嘉名阁106号
1947955,沙县小吃(桂庙店),地方小吃,3.8,179,7,20,34,深圳市南山区向南西街26号一楼102号
155119948,元宝砂锅米线,米粉面馆,4.8,80,6,20,35,深圳市南山区南山街道南山大道与创业路交界处亿利达大厦1栋一楼街铺45号
156346217,口口香麻辣烫(红花园店),米粉面馆,4.5,105,6.5,20,27,深圳市南山区红花园5号103
161539653,聚味堂百味烧烤,烧烤,4.6,88,9,20,41,深圳市南山区南头街道南新路2137号
161351887,正宗长沙臭豆腐（南新店）,川湘菜,5,58,6.5,20,34,深圳市南山区南头街道南新路3041号首层商铺东楼1号
151686183,中国兰州牛肉拉面(关口店),盖浇饭,4.7,108,7,20,34,深圳市南山区南头街道关口路46-18
143186827,晋宝章大同刀削面,米粉面馆,5,119,8.5,20,38,深圳市南山区南头街道常兴路田厦统建楼三栋一楼97号
1532051,东北大馅水饺(常兴一街店),东北菜,4.8,79,7,20,38,深圳市南山区南头街道常兴一街29-5
155832208,小食刻,西餐,4,96,6,20,29,深圳市南山区粤海街道学府路桂庙新村35栋1-23号
155260080,长三角湘菜馆,川湘菜,5,150,7,20,34,深圳市南山区南山街道向南村一坊7号101
160182693,蒋阿姨砂锅凤爪（南门一坊店）,鸭脖卤味,5,143,7.5,20,47,深圳市南山区粤海街道南商路南门一坊B区115号
156833957,厚道陕西风味,西北菜,4.4,96,6.5,20,30,深圳市南山区南头街道荔芳村134号
161249767,柳螺香螺蛳粉(南山店),米粉面馆,4.7,536,3.5,20,41,深圳市南山区粤海街道南油生活B区32栋103
161174183,老长沙臭豆腐小吃店,地方小吃,4,92,5.5,20,43,深圳市南山区粤海街道后海新村登良路124号
156870119,休闲小站餐厅,粤菜,4.4,157,9,20,33,深圳市南山区南新路2005—1号二楼三楼
963849,一口鲜饺子馆（学府店）,饺子馄饨,4.5,157,7.5,20,33,深圳市南山区南山街道学府路荔芳村A栋117号
480025,王记隆江猪脚饭(南山中心店),简餐,4.8,747,6.5,20,36,深圳市南山区南山街道登良路64-7号
160144891,鲁二哥卤肉饭(桂庙店),米粉面馆,3.8,37,5.5,20,28,深圳市南山区粤海街道桂庙新村37-1号A9
963849,一口鲜饺子馆（学府店）,饺子馄饨,4.5,157,7.5,20,33,深圳市南山区南山街道学府路荔芳村A栋117号
154031638,1978饮品店,地方小吃,5,39,9,20,38,深圳市南山区南头街道桃园路223-7号
1194451,咸骨煲仔粥饺子王(南山总店),包子粥店,4.5,2672,6.5,20,45,深圳市南山区粤海街道华明路4号信泽南乐雅苑1栋103号铺
1868363,甜品世家(古城店),甜品,5,6,9,20,35,深圳市南山区南头街道南头城中山东街35号一楼101
156194405,巴蜀鱼庄（南山店）,川湘菜,5,39,8.5,20,49,深圳市南山区南山街道南山村东巷69-2
160182041,港台风味花甲王(南山店),米粉面馆,5,63,8.5,20,34,深圳市南山区南头街道常兴一街29-8号
157168937,沙县小吃（创业店）,米粉面馆,3.5,50,7,20,35,深圳市南山区南山街道创业路3093号
150126412,鲜点王,甜品,4.5,189,6,20,30,深圳市南山区南山大道与学府路交汇处南油福临苑103
156550274,不二碗,炸鸡炸串,4,60,7,20,34,深圳市南山区丁头村189号一楼101
159172880,香酥牛肉饼（学府店）,地方小吃,5,49,5.5,20,36,深圳市南山区南头街道常兴路90号-1
1354147,阿福哥烧烤,烧烤,4,52,8.5,20,34,深圳市南山区南头街道学府路69-29号
154160555,辣小嘴小吃(南光店),鸭脖卤味,4.4,3,6,20,35,深圳市南山区海德二道南光商业街38号
152307068,芸芳川小面,米粉面馆,4.7,63,9,20,34,深圳市南山区南头街道前海路前海花园1栋FA6商铺
159240491,原滋原味砵仔饭,简餐,3.7,321,4.5,20,37,深圳市南山区南头街道义学街一坊25号A商铺103
160250375,老上海馄饨铺（南山店）,米粉面馆,5,27,7.5,20,50,深圳市南山区粤海街道向南路210号101铺
147495967,老家鱼粉,米粉面馆,4.4,184,6,20,27,深圳市南山区粤海街道桂庙新村61栋102铺
156843462,云善料理（南山店）,日韩料理,5,3,8.5,20,32,深圳市南山区南山街道荔芳一街16-4号
157096751,老表瓦罐汤,粤菜,4.5,76,6.5,20,38,深圳市南山区南山街道阳光棕榈园25栋14号商铺
161317007,嘿小面（前海花园店）,米粉面馆,4.4,19,9,20,33,深圳市南山区南头街道前海路3009号前海花园1栋101号FA3
996915,煲仔咸骨粥，爽滑饺子王（向南村店）,地方小吃,5,122,7,20,33,南山区南山街道向南村向南西街21-1号
146055827,沙县小吃（桃园店）,盖浇饭,5,25,6,20,30,深圳市南山区南头街道桃园路5号-1
157145557,正宗砂锅麻辣烫(丁头村店),麻辣烫,5,20,6,20,33,深圳市南山区南山街道丁头村252号
156722952,岭南第一锅,地方小吃,4.4,42,7,20,34,深圳市南山区南头街道大新新村148号
1924034,香辣鸡煲,川湘菜,4.5,71,9,20,37,深圳市南山区南头街道南头街丽乐美居B栋101
1839151,沙县小吃（南光店）,盖浇饭,4.4,50,7,20,38,深圳市南山区南山街道南光路现代城华庭6栋17号-12
157964271,三鲜煲仔粥,包子粥店,5,81,7,20,35,深圳市南山区南头街道一甲东街6-3号
2232783,潮旺小沙牛火锅,粤菜,4.3,4,9,20,37,深圳市南山区南新路2032-6
154588349,夫妻俩东北小吃店,东北菜,4.1,77,7,20,37,深圳市南山区南山街道丁头村316号101
158650372,老上海馄饨铺（东滨店）,米粉面馆,4.4,54,11.5,20,37,深圳市南山区招商街道东滨路兰园大厦C座3栋37号
154200730,川渝面馆,川湘菜,4,79,8.5,20,36,深圳市南山区南头街道南新路常兴一街29-9号
157752341,秦云老太婆摊摊面,米粉面馆,0,0,8,20,26,深圳市南山区粤海街道学府路深圳市软件产业基地5栋D座1层23-24号铺
157077327,正宗重庆李记麻辣烫,麻辣烫,4.3,168,7.5,20,47,深圳市南山区南山街道南山村正一坊121号
161351611,普宁肠粉王（大板桥店）,米粉面馆,5,56,6,20,39,深圳市南山区南山街道大板桥巷46号-3
161289196,黄志强凉茶（南新路店）,其他菜系,4.8,148,6,20,39,深圳市南山区南山街道南新路2033号
1029138,常德牛肉粉（学府店）,米粉面馆,5,93,7.5,20,39,深圳市南山区南山街道学府路阳光棕榈园25栋8号
157802252,沙县小吃（北头豪苑店）,米粉面馆,4,22,9.5,20,33,深圳市南山区南山街道北头豪苑南新路1171-1
1524547,正宗桂林仔米粉,米粉面馆,5,43,6,20,30,深圳市南山区粤海街道科发路30区3栋8号铺
157169234,嘉源砂锅麻辣烫(大新店),麻辣烫,4.6,123,7,20,33,深圳市南山区南头街道大新新村165号1楼
155979453,五谷渔粉（向南路店）,米粉面馆,3.5,154,10.5,20,38,深圳市南山区南山街道南油第二工业区粤海路永安单身公寓115
157868786,肯德基宅急送现磨咖啡馆（高新店）,炸鸡炸串,5,3,9,0,30,深圳市南山区高新区南区综合服务楼1楼餐厅东北角
157676853,云龙串串香小吃店,米粉面馆,4.4,65,6.5,20,35,深圳市南山区南头街道常兴路金宝花园69号
156783794,正宗柳州螺狮粉(南山店),米粉面馆,4.8,125,9,20,33,深圳市南山区南头街道南新路常兴一街29-10号
156595275,沙县小吃（南山店）,米粉面馆,3.5,24,6.5,20,38,深圳市南山区南头街道南新路常兴一街16-7
143489674,老上海馄饨铺（粤海店）,饺子馄饨,4.5,773,7.5,20,45,深圳市南山区南山街道粤海路9-4号铺
150883688,嘉源砂锅麻辣烫(向南东村店),麻辣烫,4.1,56,6,20,32,深圳市南山区南山街道向南东村61栋101号
143472544,威记肠粉王（南光店）,米粉面馆,4.6,187,10.5,20,40,深圳市南山区南山街道南光路龙坤居2栋一层商铺01
161095365,常德牛肉粉（南园店）,米粉面馆,4,128,6.5,20,43,深圳市南山区南山街道南园村新三坊16号
1857230,爽滑饺子王(咸骨煲仔粥),包子粥店,5,54,9,20,37,深圳市南山区南头街道大新村新街花屋巷16号
161279659,二姐东北手工水饺麻辣烫,麻辣烫,3.7,118,6.5,20,46,深圳市南山区南山街道南园村正街94号
151656932,家乡鱼粥店,包子粥店,4.1,75,7,20,34,深圳市南山区南山街道南新路向南西街一坊14号之一
161138599,尚上膳品馄饨,地方小吃,5,47,7.5,20,48,深圳市南山区粤海街道南门一坊美食街B041
156782622,湘成记小吃店,米粉面馆,4.4,17,7,20,36,深圳市南山区大板桥巷41号之3号
161338494,客家厨坊,盖浇饭,4,13,7,20,39,深圳市南山区南头街道大新新村47栋105
161360039,张阿姨骨汤麻辣烫,米粉面馆,5,24,9,20,34,深圳市南山区南头街道大新新村102栋106铺
153181284,朱记原味汤粉王,米粉面馆,4.4,37,6,20,37,深圳市南山区南头街道大新路77号汇金家园C3铺位
161080524,振峰砂锅麻辣烫(常兴店),麻辣烫,4,46,8.5,20,35,深圳市南山区南头街道常兴一街常兴新村64栋4号铺
161629418,豫香面馆,米粉面馆,4.4,19,9,20,36,深圳市南山区南头街道大新新村149-1号
1064301,纤万嘉正宗麻辣烫,麻辣烫,4.1,121,6.5,20,42,深圳市南山区粤海街道登良路13-11
1868961,新兴客家三及第汤粉店,盖浇饭,4.4,6,8.5,20,33,深圳市南山区南山街道学府路荔芳一街6-6号
147048783,米萝咖啡,西餐,4.4,9,4.5,20,32,深圳市南山区粤海街道高新南一路中国科技开发院中科研发园三号楼裙楼302室
161993712,正宗三及第(麒麟店),米粉面馆,5,5,5,20,38,深圳市南山区南头街道宝龙路麒麟新村A栋18-5号
156732032,宝狮BURTs(南山店）,西餐,4.5,193,7,20,35,深圳市南山区南山街道南山大道1154-3号天源大厦裙楼1楼7B
160191438,食客加(学府店),盖浇饭,4.7,1546,7,20,31,深圳市南山区南山街道南新路丁头东村5号103铺
156342702,优滋缘（蔚蓝海岸店）,江浙菜,4.4,3,9.5,20,42,深圳市南山区粤海街道蔚蓝海岸社区二期18-27-28栋裙楼商铺103
159267524,LC猪扒包(来福士广场店),地方小吃,4.5,411,9.5,20,41,深圳市南山区南山街道南海大道2163号来福士广场B1-48A号
143448440,常德津市牛肉粉(登良店),米粉面馆,4.3,106,5.5,20,42,深圳市南山区南山街道登良路62-12A
157641498,五谷渔粉(关口店),米粉面馆,4.4,32,9,20,36,深圳市南山区南头街道东方美地苑关口路46号–13
862385,雪满天东北菜,其他菜系,4.8,757,6.5,20,49,深圳市南山区南山街道南光路与登良路交汇处龙佳园107
738479,五谷渔粉（深大店）,米粉面馆,4.6,193,6,20,28,深圳市南山区粤海街道学府路48-5号厚德品园01-13之二号商铺
2151143,一品韩国料理,日韩料理,3.6,44,7,20,35,深圳市南山区南头街道东方新地苑裙楼107
161279790,好再来阳光烧烤,烧烤,0,17,4,20,31,深圳市南山区粤海街道南海大道豪方花园4022号113商铺
941255,红荔村肠粉（南山店）,盖浇饭,4.7,1283,8.5,20,34,深圳市南山区南山大道南油福临苑101号
498337,张记三及第（常兴一街店）,简餐,4.4,69,8.5,20,37,深圳市南山区南头街道南新路35号综合楼一层商场之一
159234685,明记东北饺子坊(学府店),东北菜,5,78,4,20,36,深圳市南山区学府荔馨村A2栋105-108
155578065,深港荣钊记餐厅（常兴店）,烧腊饭,4.3,121,6,20,31,深圳市南山区南头街道常兴南路田厦统建楼一幢1号商铺
161387094,莫记麻辣烫,麻辣烫,4.7,42,7,20,37,深圳市南山区南头街道大新村新辅街61号东座01商铺
51908,原味汤粉王,米粉面馆,4,23,9,20,38,深圳市南山区南头街道大新村17栋17-9
161437190,春天里(软基店),盖浇饭,4.4,19,4,20,30,深圳市南山区学府路与科园路交汇处深圳市软件产业基地5栋裙楼01层19号商铺、20号商铺
154523336,龙记潮州砂锅粥,粤菜,3.7,42,10.5,20,43,深圳市南山区南新路南山村东巷37号1楼
1548116,兄弟龙虾烧烤,小龙虾,5,3,9,20,37,南山街道学府路华府花园1栋103B
159389271,柳螺记螺蛳粉(常兴店),米粉面馆,4.2,47,8.5,20,36,深圳市南山区南头街道常兴路田厦统建楼二栋一楼115-13号铺
1399362,贡茶大鸡排,炸鸡炸串,4.4,22,6.5,20,32,深圳市南山区南山街道南山大道中兴之家东座首层2017-15
156874027,BBC休闲餐吧,奶茶果汁,4.8,41,9,20,41,深圳市南山区南头街道前海路港湾丽都花园商铺131号
1470201,传奇冒菜（学府店）,麻辣烫,4.7,103,6.5,20,34,深圳市南山区南头街道学府路北侧荔馨村A1栋112
145353259,Missdy美斯迪 轻饮·轻食,奶茶果汁,5,54,9.5,20,41,深圳市南山区南山街道创业路3023号公园一号广场01层39-40号
1348317,遵义虾子张六羊肉粉,米粉面馆,5,87,7,20,37,深圳市南山区南头街道前海路大新商业中心首层59-60号
1564800,指尖寿司,日韩料理,4.9,42,1,20,37,深圳市南山区粤海街道南海路3688号深圳大学实验餐厅一楼荔园超市内104专柜
156187970,浏抄手重庆小面馆(常兴店),米粉面馆,4.2,75,6.5,20,30,深圳市南山区南头街道南头常兴路154号
2032351,小俩口东北水饺（丁头村店）,东北菜,5,94,7,20,33,深圳市南山区南山街道南新路丁头村189-3号
161082055,楼下的猫咖啡,甜品,5,68,6.5,20,34,深圳市南山区南头街道金鸡路四季丽晶公寓一楼1号商铺
157870945,鄢记重庆面庄,米粉面馆,4.7,17,7,20,34,深圳市南山区南头街道前海路一甲新村商业步行街33A号
156346157,丰茂晟烧烤,日韩料理,5,13,9,20,33,深圳市南山区南山街道向南商业街86号物业1楼
150852998,民间瓦罐汤（南贸市场店）,简餐,4,99,6.5,20,30,深圳市南山区南头街道南新路商业大厦第一层E-D轴线B商铺
483697,牛面坊,盖浇饭,5,70,9,20,31,深圳市南山区南山街道南新路2006-8
1909558,兰州拉面（南光店）,米粉面馆,5,48,8,20,30,深圳市南山区南山街道南光路南海明珠105C
910756,龙门花甲(深大店),地方小吃,5,27,8,20,26,深圳市南山区桂庙新村37号-1商铺
140122,快香楼城市快餐,简餐,4.1,131,6,0,35,深圳市南山区南山街道南光商业街26号
1388426,陕西凉皮,地方小吃,3.9,74,6.5,20,28,深圳市南山区南头街道常兴路126号常兴广场首层西17号商铺
145920966,联发餐厅(南山店),粤菜,4.9,27,5,20,41,深圳市南山区南山街道南山区南头街旺海怡苑商铺22号
1851822,广发快餐店,川湘菜,4.8,23,5,20,35,深圳市南山区南头街道前海路大新新村139号1楼
144577228,欧杰挪威三文鱼,日韩料理,3.5,4,10,100,0,深圳市南山区南山街道南山肉菜市场综合楼商业一层11号
156346157,丰茂晟烧烤,日韩料理,5,13,9,20,33,深圳市南山区南山街道向南商业街86号物业1楼
157986165,老乡亲土菜馆,盖浇饭,0,1,7.5,20,45,深圳市南山区南山街道南园村正街26号
2056186,福建沙县小吃,地方小吃,5,13,8,20,35,深圳市南山区南山大道2038号百仕成大厦首层C
155757185,小肥羊火锅,火锅烤鱼,5,10,8,20,33,深圳市南山区南山街道南山大道2068号南乔花园一层107号
1006181,顶尖牛杂(学府店),米粉面馆,4.4,12,8,20,31,深圳市南山区南山街道学府103-3
1804512,云南过桥米线（南山大道店）,米粉面馆,4.3,52,6.5,20,33,深圳市南山区南山街道荔芳村二街5-2号
1008043,一口鲜饺子馆,饺子馄饨,4.5,142,5.5,20,35,深圳市南山区南山街道南光村103
161164383,武汉热干面,地方小吃,4,46,6.5,20,36,深圳市南山区南头街道学府路桃厦一街2-5
1029048,黔派虾子羊肉粉学府路老店,地方小吃,4.4,319,4.5,20,33,深圳市南山区南山街道学府路荔芳村B栋130铺
409375,红苹果,简餐,4.4,33,8.5,20,32,深圳市南山区南头街273号大新宾馆1楼之二A铺
1321705,廖记川菜馆（城市快餐店）,川湘菜,4.9,1449,6.5,20,30,深圳市南山区南头街道红花路40-1
1851822,广发快餐店,川湘菜,4.8,23,5,20,35,深圳市南山区南头街道前海路大新新村139号1楼
156188330,政鑫汤粉店,米粉面馆,5,8,8.5,20,31,深圳市南山区红花园40号一楼之二
1561537,川香面馆(创业路店),盖浇饭,4.9,47,9,20,38,深圳市南山区南山街道创业路现代城华庭1-5栋裙楼A018
162459042,点点潮粥,包子粥店,0,0,2,20,0,深圳市南山区粤海街道桂庙新村西部创业园39-10
444837,俊记三及第,简餐,4.4,69,2,20,37,深圳市福田区华强北街道红荔枝村16栋底层往北第11间商铺
1312127,重庆小面（大新人人乐店）,米粉面馆,4.6,164,7,20,32,深圳市南山区南头街道前海路与学府路交汇处新德家园裙楼一层B4-4
155757949,老上海馄饨王(星海名城店),米粉面馆,5,60,7,20,36,深圳市南山区南头街道前海路星海名城二期八组6号铺
140122,快香楼城市快餐,简餐,4.1,131,6,0,35,深圳市南山区南山街道南光商业街26号
162492553,客聚缘,简餐,0,0,3,20,0,深圳市南山区南头街道南贸中心2栋A座1A
996804,合味肆,米粉面馆,4.7,73,5.5,20,34,深圳市南山区南山街道桂庙光彩新世纪家园裙楼301（113）61-1号
1910923,肆姑娘卷吧,汉堡,4.3,127,7,20,27,深圳市南山区南头街道桃园路与南光路交汇处田厦金牛广场负二层美食街肆姑娘卷吧
2056186,福建沙县小吃,地方小吃,5,13,8,20,35,深圳市南山区南山大道2038号百仕成大厦首层C
141613037,Pizza Square,披萨意面,5,5,8,20,31,深圳市南山区软件产业基地5栋裙楼01层
2126683,川湘美味鲜,川湘菜,3.5,45,7,20,38,深圳市南山区南头街道前海路大新村福惠街17号
161164383,武汉热干面,地方小吃,4,46,6.5,20,36,深圳市南山区南头街道学府路桃厦一街2-5
717259,三井寿(学府店),日韩料理,4.5,501,6.5,20,38,深圳市南山区南山街道学府荔芳村B栋129号
162234500,食在湘厨,盖浇饭,0,0,8.5,20,31,深圳市南山区南山街道学府路荔芳村荔芳A街B栋8号商铺
52572,湘赣木桶饭,简餐,4.8,136,5.5,20,34,深圳市南山区南山街道南光路南光村105号
409375,红苹果,简餐,4.4,33,8.5,20,32,深圳市南山区南头街273号大新宾馆1楼之二A铺
156188330,政鑫汤粉店,米粉面馆,5,8,8.5,20,31,深圳市南山区红花园40号一楼之二
1909558,兰州拉面（南光店）,米粉面馆,5,48,8,20,30,深圳市南山区南山街道南光路南海明珠105C
162459042,点点潮粥,包子粥店,0,0,2,20,0,深圳市南山区粤海街道桂庙新村西部创业园39-10
1388426,陕西凉皮,地方小吃,3.9,74,6.5,20,28,深圳市南山区南头街道常兴路126号常兴广场首层西17号商铺
483697,牛面坊,盖浇饭,5,70,9,20,31,深圳市南山区南山街道南新路2006-8
155792026,老上海馄饨（田厦金牛店）,米粉面馆,5,58,6,20,29,深圳市南山区南头街道桃园路与南光路交汇处田厦金牛广场B1楼A3-1号铺
1033364,唐记潮汕面馆,米粉面馆,5,24,7,20,35,深圳市南山区南山街道南新路顺富街1号
156282942,正宗重庆小面(南山店),米粉面馆,5,85,7.5,20,39,深圳市南山区南山街道南山村东巷46-2
958007,家家长沙米粉（前海店）,简餐,4.8,453,9,20,35,深圳市南山区南头街道前海路与学府路交汇处新德家园裙楼一层D1-2.E1B部分
1432496,民记正宗三及第,盖浇饭,4.4,17,6.5,20,34,深圳市南山区南山街道学府路荔芳村104号
910756,龙门花甲(深大店),地方小吃,5,27,8,20,26,深圳市南山区桂庙新村37号-1商铺
2003625,家乡饺子馆,东北菜,5,43,7,20,39,深圳市南山区学府路华府花园3栋101
156329163,十里飘香茶油鸭(南山家乐福店),川湘菜,4.7,163,6.5,20,36,深圳市南山区南头街道常兴路87号-4
140122,快香楼城市快餐,简餐,4.1,131,6,0,35,深圳市南山区南山街道南光商业街26号
156282942,正宗重庆小面(南山店),米粉面馆,5,85,7.5,20,39,深圳市南山区南山街道南山村东巷46-2
1851822,广发快餐店,川湘菜,4.8,23,5,20,35,深圳市南山区南头街道前海路大新新村139号1楼
1388426,陕西凉皮,地方小吃,3.9,74,6.5,20,28,深圳市南山区南头街道常兴路126号常兴广场首层西17号商铺
444837,俊记三及第,简餐,4.4,69,2,20,37,深圳市福田区华强北街道红荔枝村16栋底层往北第11间商铺
1321809,原味三及第,米粉面馆,4.5,566,2,15,46,深圳市南山区粤海街道桂庙新村37栋西部百货美食街A5档
161164383,武汉热干面,地方小吃,4,46,6.5,20,36,深圳市南山区南头街道学府路桃厦一街2-5
141613037,Pizza Square,披萨意面,5,5,8,20,31,深圳市南山区软件产业基地5栋裙楼01层
2247381,北方饺子馆,盖浇饭,3.7,94,9,20,35,深圳市南山区一甲片区东方新地苑裙楼103-104铺
1804512,云南过桥米线（南山大道店）,米粉面馆,4.3,52,6.5,20,33,深圳市南山区南山街道荔芳村二街5-2号
156485953,湖南土菜馆(南头店),川湘菜,4.8,90,9,20,35,深圳市南山区南头街道东方新地苑D栋17号
162220430,红烛川菜馆,川湘菜,5,3,9,20,38,深圳市南山区南山街道南新路2241号
159353104,杭州小笼包（前海店）,包子粥店,4.6,137,9,20,36,深圳市南山区南头街道前海花园1栋南面商铺108#
157022510,香临苑遵义羊肉粉,米粉面馆,0,0,10.5,20,34,南头街道前海桂湾路与月亮湾大道交汇处龙海商业广场南区146号铺
162220335,湖北菜馆（南山店）,川湘菜,0,5,7,20,35,深圳市南山区南山街道南新路丁头村11号
266377,真功夫（学府店）,盖浇饭,4.8,978,6,5,56,深圳市南山区学府路学府花园哈弗园（5栋）二层A
143481241,五谷渔粉（亿利达店）,米粉面馆,4.6,66,6.5,20,36,深圳市南山区南山街道南山大道1092号亿利达大厦1栋1楼49号铺
161360099,兵哥点心坊,炸鸡炸串,4.4,8,5.5,20,32,深圳市南山区南头街道常兴广场首层11-3铺
161191990,丰顺客家三及第,米粉面馆,3.5,32,9,20,37,深圳市南山区南头街道升平里广场02号
161380398,金牌隆江猪脚饭(荔芳店),简餐,4.5,223,5.5,20,33,深圳市南山区南山街道学府路荔芳村B栋105
157239429,金麦王比萨,披萨意面,4.4,1,8,80,40,深圳市南山区南山街道南光正龙村74号101铺
161299224,芙蓉小馆,川湘菜,4.5,88,4.5,20,43,深圳市南山区南山街道北头村三坊20号04号铺
159164952,真有范（登良路店）,盖浇饭,4.3,200,6.5,20,37,深圳市南山区登良路登良花园16栋106
157956614,正宗淮南牛肉汤(南山总店),地方小吃,4.9,47,7.5,20,37,深圳市南山区南山街道南油第二工业区207栋一楼14-A
159484422,新至尊烧腊店,烧腊饭,4.7,417,6.5,20,44,深圳市南山区粤海街道华明路6号108-109
157891914,老街美味牛杂（丁头村店）,地方小吃,4.4,29,9,20,35,深圳市南山区南山街道丁头村12-1
159411647,骆记老字号老成都面馆(后海店),米粉面馆,3.5,16,5.5,20,39,深圳市南山区粤海后海路后海村130号一楼东铺
160251204,好一处水饺（南山店）,东北菜,4.4,27,6,20,41,深圳市南山区南山街道向南西街40-1
156089440,十里香小吃店,地方小吃,4.4,1,9,20,33,深圳市南山区南头街道大新街72号101
154328222,润仟祥黄焖鸡米饭,简餐,4,53,8,20,31,深圳市南山区南山街道桂庙路116
143441628,华记客家三及第(南光店),米粉面馆,4.9,81,6,20,34,深圳市南山区南山街道南光花园7栋A铺
147197602,云泉椰子鸡,粤菜,4.4,23,8.5,20,34,深圳市南山区南山大道2017号中兴之家1#北101-106
154672645,渝味杨创意川菜,盖浇饭,5,65,7,20,37,深圳市南山区南头街道一甲片区A-2地块路东方新地苑裙楼120#铺
161693417,南李湖南大碗菜,川湘菜,4.4,72,8,20,29,深圳市南山区南光路阳光华艺大厦1栋106
161521160,老上海馄饨铺(深大店),饺子馄饨,4.6,33,8,20,28,深圳市南山区粤海街道科兴路11号深南花园裙楼104号
160133526,黄焖鸡米饭(桂庙店),简餐,4.4,2426,5,20,28,深圳市南山区粤海街道学府路桂庙新村西部创业园39-1号
161378809,林哥凉皮,米粉面馆,5,27,6,20,31,深圳市南山区粤海街道桂庙新村35栋1楼
157995483,汕头苏记牛肉火锅,火锅烤鱼,5,23,6,20,38,深圳市南山区南山街道丁头北巷鸿运楼17-1号铺
2091440,潮汕大目牛肉火锅城（南山店）,火锅烤鱼,4.9,147,9.5,20,40,深圳市南山区南山街道南山大道东南侧南园枫叶公寓102（一楼102C号铺）
154624864,亿人亿面,米粉面馆,4.4,22,7,20,31,深圳市南山区粤海街道科技园科伟路6号34区9栋1层
147194468,中国兰州牛肉拉面（后海店）,米粉面馆,4.7,42,9.5,20,35,深圳市南山区后海路东登良路北育德家园3栋14号商铺
161387165,串味签(南山店),川湘菜,4.5,13,8.5,20,29,深圳市南山区南头街道常兴路126号常兴广场首层西B4商铺
143786934,常德牛肉粉（科技园店）,米粉面馆,4.1,328,6,25,37,深圳市南山区粤海街道麻雀岭工业区M2栋一楼1F-10号铺
159543987,新旺发泡菜（南山店）,粤菜,4.7,9,6,20,43,深圳市南山区丁头村1号商铺
161080607,客家菜,川湘菜,3.5,52,6,20,37,深圳市南山区南山街道南光村统建楼2栋101-5
161592618,周记土豆粉砂锅坛肉(深大店),米粉面馆,3.8,68,5,20,29,深圳市南山区粤海街道学府路桂庙新村73栋1号
156906937,唐宫小聚（海岸城店）,地方小吃,4.6,74,9,20,35,深圳市南山区粤海街道文心五路33号海岸城广场一层128号商铺
156886098,梁氏姜撞奶甜品店,甜品,4.6,960,6.5,20,37,深圳市南山区南头街道学府路金宝花园106铺
141735272,汉正街,米粉面馆,3.9,78,6.5,20,30,深圳市南山区南头街道常兴路126号常兴广场1楼4号铺
161600757,百味缘东北水饺,地方小吃,4.4,34,5,20,40,深圳市南山区南头街道南新路2229号
156873945,黄氏腌面(大板桥店),米粉面馆,4.4,45,6.5,20,39,深圳市南山区南山街道向南村大板桥8号-2
157033686,李氏姜撞奶甜品专家(前海店),甜品,4.7,61,7,20,36,深圳市南山区南头街道前海路一甲商业街36号
161342577,潮汕小吃,粤菜,3.5,35,5,20,40,深圳市南山区南山街道丁头村59号-1
146257216,湘攸大碗菜（南新店）,川湘菜,4.3,302,3.5,20,43,深圳市南山区南山街道北头村三坊20-3商铺
146007787,逸塔花园餐厅(南山店),东南亚菜,5,328,8,20,31,深圳市南山区南头街道桃园路北侧田厦翡翠明珠花园1栋二楼S3（原B50-B63）
162023291,馨香苑砂锅粥(桂庙店),包子粥店,0,3,8,20,26,深圳市南山区粤海街道桂庙新村42栋11号
162207343,老上海馄饨（大板桥店）,地方小吃,0,0,7,20,32,深圳市南山区南山街道桂庙路向南社区大板桥巷40-103
162207341,品尚品麻辣香锅（南山店）,米粉面馆,0,0,7.5,20,32,深圳市南山区南山街道大板桥巷23-2号铺
1203631,美味堡（关口路店）,炸鸡炸串,4.3,3224,7,35,39,深圳市南山区南头街道关口路29-6号铺
159194694,美芝味汉堡,汉堡,4.7,1947,7,30,39,深圳市南山区粤海街道科慧路1号沛鸿大厦A1栋118号铺
579765,常德牛肉粉(南山总店),川湘菜,4.1,3148,5,25,45,深圳市南山区南山街道向南路135号南油第二工业区210栋108铺
2122544,常德牛肉粉(南山海雅店),米粉面馆,4.3,2300,0,25,37,深圳市南山区粤海街道金钟大厦首层1-101号
146812519,夜来粥道(南山店),包子粥店,4.8,3344,4.5,5,40,深圳市南山区南头街道大新路23号艺华花园103号铺
162184349,胡同裡麻辣烫(南山中心店),麻辣烫,4.6,778,3,20,48,深圳市南山区南山街道登良路39号
156602992,HoojuK韩式炸鸡(桂庙店),炸鸡炸串,4.7,3268,5,0,48,深圳市南山区粤海街道桂庙新村48栋103
162002932,千客来烧烤（南山店）,地方小吃,4.7,171,5.5,20,37,深圳市南山区南山街道向南村六坊9栋102
161248477,CoCo韩式炸鸡(桂庙店),炸鸡炸串,4.5,1104,2,0,27,深圳市南山区粤海街道桂庙新村54栋3号铺
157165017,百多乐汉堡(白石洲店),汉堡,4.6,1582,6.93,20,39,深圳市南山区沙河街道云娜美食街8号铺
994622,尖叫麻辣烫,地方小吃,4.7,459,7,25,39,深圳市南山区南头街道马家龙工业区汇金家园C栋01层C15
1011947,一品烧烤屋,烧烤,4.6,518,12,45,34,广东省深圳市南山区南山大道3118号
161239773,光头佬咸骨粥饺子王(白石洲店),包子粥店,4.7,2217,12,20,48,深圳市南山区沙河街道新塘村一坊38-3
161643497,不一样·炸鸡汉堡,汉堡,4.9,788,5,20,44,深圳市南山区南山街道向南西村十一栋9-2
967165,民间瓦罐煨汤（南园店）,盖浇饭,4.5,1275,10,20,43,深圳市南山区南山街道南园村东街22号
161853024,缘来粥铺,包子粥店,4.8,1352,5.5,20,41,深圳市南山区南头街道关口路53号东之四号商铺
160180746,潮汕特色海鲜粥,包子粥店,3.6,535,2,20,46,深圳市南山区招商街道紫竹园商业楼37栋238号商铺
2211571,唐记柳州螺蛳粉(南油店),米粉面馆,4.5,1128,6,25,42,深圳市南山区粤海街道南油B区68栋103号
150055857,蚝园烧烤（科技园店）,地方小吃,4.5,316,10,28,38,深圳市南山区粤海街道科技园科发路9号维用综合楼一楼西铺102号
52587,瑞记三及第鱼粥,包子粥店,4.7,849,5,20,39,深圳市南山区南山街道南光商业街74号
538053,一品烧烤,烧烤,4.6,679,12,38,55,深圳市南山区南山街道南山村正巷238号
161884513,汇速客披萨,披萨意面,5,126,4,49,40,深圳市南山区西丽街道科技园科技北三路南玻电子大厦一楼A40号铺
162224862,三叔粥铺（蛇口店）,包子粥店,4.6,188,6.5,15,42,深圳市南山区粤海街道南油B区32栋111-1商铺
161619430,重庆鸡公煲(南山大道店),川湘菜,4.8,6132,5.5,20,45,深圳市南山区南山街道亿利达大厦3栋1楼1018号
161915349,百小堡炸鸡汉堡(学府店),炸鸡炸串,4.6,1069,5,20,42,深圳市南山区南山街道向南东村119栋101号 
271153,老妈红水煮活鱼王,川湘菜,4.8,1311,4,20,47,深圳市南山区南头街道南新路仓前北村17号1楼
735760,一点烧烤,烧烤,4.9,73,10,68,40,深圳市南山区南山街道南新路南山村西向5号1号铺
156418554,潮汕浅海鱼粥,海鲜,4.5,133,0,18,43,深圳市南山区粤海街道金钟大厦首层1-19号铺
161937058,民间瓦罐煨汤,米粉面馆,5,112,8,20,37,深圳市南山区粤海街道南油B区65栋106
155260200,响指儿酸菜鱼椒麻蛙(白石洲店),小龙虾,4.7,376,8,50,47,深圳市南山区沙河街道下白石一坊36号1/F一楼A
489341,爱家味烤羊排（海王店）,烧烤,4.7,191,7,20,46,深圳市南山区粤海街道南油大道东创业路北保利城花园3#4#楼一层A23商铺
162163226,锡骨香,炸鸡炸串,5,285,4.5,20,42,深圳市南山区南头街道南新路3083号大新商厦B栋1楼57号
429028,麻小二龙虾馆(南山桂庙店),小龙虾,4.8,195,7,68,37,深圳市南山区南山街道南山大道1124号南油第四工业区5#105
155163970,蚝味园烧烤,烧烤,4.9,303,9,48,39,深圳市南山区南山街道大板桥巷22号A1
154603444,个斑马音乐烧烤吧（南头店）,烧烤,4.7,212,8,50,47,深圳市南山区南头街道南新路南头街关口东街一号
1024706,二师兄烤猪蹄,烧烤,4.8,509,5,30,37,深圳市南山区粤海街道深圳湾大街天利中央广场A座2楼
156831184,渔匠屋日本料理,日韩料理,4.8,326,5,88,47,深圳市南山区粤海街道龙城路后海花园2栋4号铺
867376,骆家鸡,简餐,4.9,227,4.5,50,36,深圳市南山区南山街道学府路荔芳村B栋113-22号
155787854,卡吉诺韩式炸鸡啤酒屋,炸鸡炸串,4.9,312,11.8,40,45,深圳市南山区粤海街道兴南路南油生活B区74栋103铺
156991407,经典红烧牛肉面,米粉面馆,3.9,395,5,20,37,深圳市南山区南头街道大新路汇金家园一楼C9号
156233995,金窑鸡(白石洲店),烧烤,4.3,243,25,0,46,深圳市南山区沙河街道下白石一坊9-2栋102号
156903225,宁大头脆皮烧鸡,鸭脖卤味,5,158,10,35,46,深圳市南山区沙河街道塘头三坊27号106房
604539,三昧真火烧烤（南山店）,烧烤,4.8,262,7,40,46,深圳市南山区南头街道南新路以西荔园路北侧旺海怡苑商铺21号
161928265,1号粥店(南山店),包子粥店,4.7,636,4,20,43,深圳市南山区南山街道南园社区南园新村新六坊7号106
151682683,聚箸(南山店),川湘菜,4.6,1057,0,20,32,深圳市南山区南山街道桂庙路22号向南瑞峰B126
1970436,贝星恋韩式炸鸡(啤酒屋),炸鸡炸串,4.6,550,8.8,40,56,深圳市南山区粤海街道兴南路南油B区70栋102
161919241,壹品粥铺(南山店),地方小吃,4.9,135,5,20,41,深圳市南山区南头街道大新新村119栋一楼02商铺
151994855,一粥时光,包子粥店,4.7,1652,6,20,43,深圳市南山区南山街道正龙村69-2号
161624673,一路撩串烧烤店,烧烤,5,155,5,20,36,深圳市南山区南头街道南油大道荟芳园A-B裙楼107
161914104,虾吻小龙虾香辣蟹牛蛙烧烤(南山店),川湘菜,4.1,419,0,0,30,深圳市南山区南山街道中兴之家4栋C铺107
1001023,正宗天福麻辣烫,麻辣烫,4.8,326,8,20,36,广东省深圳市南山区南山大道2009号
156187772,辣先锋麻辣香锅,香锅砂锅,4.3,227,10,108,38,深圳市南山区粤海街道南油生活B区23栋117号
155900907,花椒千签荟串串香(南山店),川湘菜,4.3,317,12,36,47,深圳市南山区南山街道南商路B区73栋113-114号商铺
637810,爽滑饺子王咸骨煲仔(关口店),饺子馄饨,4.9,144,5,20,37,深圳市南山区南头街道关口路东方美地苑第一栋9号铺
162203253,卤先生卤汁饭(南山店),东南亚菜,4.7,555,4,20,42,深圳市南山区南头街道大新新村34号101-2号
161109141,卢记鱼粥汤粉面(桂庙店),米粉面馆,5,125,11,30,38,深圳市南山区南山街道桂庙路向南东街11-1号
159323831,Hotties火辣炸鸡（南山店）,炸鸡炸串,4.7,363,4,0,38,深圳市南山区南头街道义学街一坊47号一楼104
1020834,恩典榴莲披萨,披萨意面,4.8,426,9,30,47,深圳市南山区粤海街道创业路8-19
161777451,常德牛肉粉,米粉面馆,4.4,263,3,20,36,深圳市南山区粤海街道科技园科苑路坚达大厦一楼南侧3号
150149499,钵钵香蒸菜馆,川湘菜,4.7,1322,3,25,38,深圳市南山区南头街道田厦社区常兴一街12号
160177911,大汉堡.炸鸡汉堡(桂庙店),炸鸡炸串,4.5,486,6,20,40,深圳市南山区南山街道向南西街92-1
162028167,百味粉家,米粉面馆,0,2,5,20,29,深圳市南山区粤海街道科技园南一路万德莱大厦首层厂房D区DB17-7号
155177305,蜀胃冒菜,川湘菜,4.9,707,7,30,38,深圳市南山区南头街道南新路南山统建商住楼1D之一
154362851,虾痴瞎说（南山店）,小龙虾,5,128,14,80,40,深圳市南山区南山街道桂庙路向南西街52号
161372109,酋长精品冒菜(深大店),麻辣烫,5,217,6,0,35,深圳市南山区南山街道荔芳二街8-4号
2303645,幸福的紫菜包饭,日韩料理,4.7,251,10,30,42,深圳市南山区粤海街道后海社区华兴北街19号后海工业区5栋1号铺
161282627,觅味小龙虾酸菜鱼(海雅缤纷店),川湘菜,4.5,416,9,20,36,深圳市宝安区新安街道七区甲岸村278栋102号
157513192,百味馆,简餐,4.3,3705,4,0,38,深圳市南山区南头街道玉泉路麒麟新村A栋A单元18-4
161095618,一品烧烤屋(南新店),烧烤,4.6,103,12,55,40,深圳市南山区南头街道南新路2145号
164660,我的烧烤,烧烤,4.7,463,16,48,55,深圳市南山区南新路南山村正17号1楼
158465337,重庆风味快餐店,川湘菜,4.8,56,5,20,37,深圳市南山区南山街道南光路海德二道南光村105-4
152322997,元隆烧鸡（兴华店）,地方小吃,5,22,15,199,0,深圳市宝安区新安街道44区兴华一路北B2栋104号
162185891,鼎上•炸鸡汉堡(南山店）,炸鸡炸串,3.8,80,5,20,47,深圳市南山区南头街道大新新村135-2号
161669197,阿芙特浓椰皇冻(来福士店),甜品,4.9,56,3,20,34,深圳市南山区南山街道登良引进商住楼底层1号
140251,七里湘城市快餐,盖浇饭,3.7,966,3,20,38,深圳市南山区海德二道南光商业街16号
158103157,大榕树现炒家常菜,川湘菜,4.6,390,4.5,16,33,深圳市南山区粤海街道科发路9号维用综合楼一楼西商铺
161035744,一品烧烤屋(南头店),烧烤,4.9,129,15,58,38,深圳市南山区南头城中山东街73号106-107
161876288,味之味(南园店),川湘菜,4.4,1067,4,20,45,深圳市南山区南山街道南园村东街115号103号铺
311521,最牛的牛杂(岭南第一锅）,米粉面馆,4.8,145,6,15,35,深圳市南山区学府路107-7号
161581340,特色烧烤屋,烧烤,4.6,44,13,50,32,深圳市南山区南头街道南山大道3118号
162005781,东北水饺（南山店）,东北菜,0,3,6,20,39,深圳市南山区南山街道向南东村39-1
153454885,肉蟹煲（白石洲店）,烧烤,4.3,293,20,30,44,深圳市南山区沙河街道白石洲塘头一坊25号-1
162035334,渔跃私房菜(后海店),简餐,4.6,22,5,20,44,深圳市南山区粤海街道南油B区浪漫满屋32栋105号
159191463,三昧真火烧烤(美年广场店),烧烤,4.3,125,20,80,45,深圳市南山区招商街道南海大道龙电家园B区1栋102号铺
161899446,饭小样蛋包饭,盖浇饭,4.4,2509,4,20,38,深圳市南山区南头街道南新路3083号大新旺角商城B栋二楼20号铺
156750528,小龙虾大闸蟹,小龙虾,5,55,15,108,46,深圳市南山区粤海街道南商路南门一坊B033号
160205414,国王鼎精品外卖火锅,火锅烤鱼,5,97,6,20,32,深圳市南山区南山街道学府路荔芳村二街6-1铺
158237755,美味肉蟹煲(南山店),地方小吃,4.3,209,9.5,35,45,深圳市南山区南山街道南园村43号101-1
161649072,至尊比萨（南头店),披萨意面,4.8,284,3,25,46,深圳市南山区南头街道宝龙麒麟新村A栋6号铺
1220841,龙巢盱眙龙虾(南山店）,川湘菜,5,109,10,48,37,深圳市南山区粤海街道南海大道龙城粤海大厦商铺02
157818820,钢管厂小郡肝串串香火锅,火锅烤鱼,4.4,6,5,49,0,深圳市南山区南山街道 南新路2018-3仓前锦福苑04-05栋
145317929,江西特色瓦罐汤木桶饭(科技园店),川湘菜,3.5,20,4.5,20,41,深圳市南山区南头街道艺园路94号
161864221,小幸运榴莲比萨,披萨意面,5,115,5,0,44,深圳市南山区南山街道荔芳村8-7号一楼
2218977,富城美食烧烤,烧烤,4.7,82,10,78,0,深圳市南山区南山街道南山村西巷5-2号铺
161279996,秘什外卖,川湘菜,4.6,413,6,20,47,深圳市南山区南头街道大新路90-10商铺
409357,杉菜家韩国炸鸡,炸鸡炸串,4.7,217,4.5,0,32,深圳市南山区粤海街道南海大道3005-11（荟芳园商业街）
156045789,浓农情怡鲜炖燕窝(科技园中心店),其他菜系,5,254,0,0,46,深圳市南山区粤海街道深圳湾科技生态园1栋01层30号
157137286,知己小龙虾,小龙虾,5,40,42,228,37,深圳市宝安区新安街道兴华一路北四巷2-1
157137286,知己小龙虾,小龙虾,5,40,42,228,37,深圳市宝安区新安街道兴华一路北四巷2-1
158730278,渝村麻辣香锅烤鱼（南山店）,川湘菜,5,272,5,20,44,深圳市南山区南山街道向南西街70-2号
161585396,重庆火锅米线,地方小吃,4.5,115,6,20,37,深圳市南山区南山街道南山大道2015号光大村C栋113号
161901494,汕头达濠鱼丸粉面店,米粉面馆,0,4,5,20,42,深圳市南山区粤海街道华明路南乐雅苑9－16
157641520,丰味虾蟹鸡煲(南山店),海鲜,4.9,63,10,60,36,深圳市南山区南头街道一甲南街133–19铺位
161893081,乐乐东北水饺,饺子馄饨,5,30,5,20,43,深圳市南山区粤海街道华明路信泽南乐雅苑4号
151563006,虾哥（白石洲店）,小龙虾,0,2,10,68,0,深圳市南山区沙河街道华夏路塘头一坊一号之三
153038133,壹只蟹蟹煲饭(南山店),简餐,4.2,5811,4,20,38,深圳市南山区南山街道学府路荔芳村荔芳二街8-3
150137924,莫老爷桂林米粉南油店,米粉面馆,4.7,1060,7.5,20,44,深圳市南山区南山街道粤海路南联大厦一楼101-1
155475031,LaPizza乐披萨(白石洲店),披萨意面,0,3,35,150,0,深圳市南山区沙河街道沙河东路186号中海深圳湾畔花园商业2区01层商铺3C015
161869754,面鼎天(天利店),川湘菜,4,7,6,20,37,深圳市南山区南山街道南光村105栋-1号
160108458,迎春东北水饺,东北菜,5,59,6.5,20,34,深圳市南山区南头街道学府路68号-30
156769854,哎哟沙拉,西餐,4.6,567,16.9,99,39,深圳市南山区沙河街道云娜美食街7号铺
156783049,哈哈镜（深圳南山店）,鸭脖卤味,4.5,46,10,50,37,深圳市南山区南头街道义学街三坊8-6-105号
161919299,刘抄手重庆小面馆,川湘菜,3.5,19,5,20,36,深圳市南山区南山街道学府路111-10-1
161706223,康妮黛西咖啡,咖啡,4.7,78,8,20,30,深圳市南山区南头街道南油大道与学府路交汇处荟芳园A-B裙楼101
161681410,鱼的错酸菜鱼米饭(科技园店）,川湘菜,3.9,315,5,20,28,深圳市南山区粤海街道南海大道4040号豪方花园1-111号
161255513,品膳品花胶炖汤,粤菜,5,47,25,20,34,深圳市南山区沙河街道上白石一坊42号-2
160240599,丰哥沙蟹美食一绝(白石洲店),地方小吃,3.5,9,5,48,0,深圳市南山区沙河街道白石洲东四坊109号
161624734,新煮意海鲜鸡煲,粤菜,4.7,15,12,60,0,深圳市南山区南头街道南头花园一甲楼131铺
162214429,沙县小吃,米粉面馆,0,2,6.5,20,33,深圳市南山区南头街道关口路29-3
161616412,猫老大东北烧烤(学府店),地方小吃,5,23,6.5,20,35,深圳市南山区南山街道学府路2028号仓前锦福苑06-07栋一层37号铺
151909094,贡茶(连锁半价店),奶茶果汁,4.1,84,9.33,60,30,深圳市南山区南山街道南新路南山村南巷82号102铺
161940774,圳多宝美食馆,盖浇饭,0,0,8,20,31,深圳市南山区南头街道桃园路122-14
156419556,彩虹美式寿司,甜品,4.5,358,3,35,56,深圳市南山区南山街道南光社区正龙村39栋3号铺
2067768,贡茶（海雅缤纷城店),地方小吃,4.3,269,6,80,46,深圳市宝安区新安街道7区甲岸村村西8号
161887388,精品牛肉面（大新店）,地方小吃,5,27,7.5,20,39,深圳市南山区南头街道桃李路绿海名都5栋2号铺
157066389,全汁 冷压排毒蔬果汁,奶茶果汁,5,87,8,54,36,深圳市前海深港合作区前湾一路1号A栋201室（入驻深圳市前海商务秘书有限公司）经营场所：深圳市南山区科技园粤海街道办琼宇路5号51大厦二楼210房
162231360,晴天挪威三文鱼(宝安店),日韩料理,5,11,5,68,48,深圳市宝安区新安街道海乐社区兴华一路北十五巷10号101
157656214,惊喜港式茶餐厅,粤菜,4.5,116,5,30,49,深圳市南山区南山街道南新路阳光科创一期（1栋）裙楼1层16号-1
151696912,韩国兄弟炸鸡,炸鸡炸串,5,139,3,20,36,深圳市南山区南山街道荔芳村荔芳二街11-3号
161941139,飘湘家常菜,盖浇饭,5,10,8,20,34,深圳市南山区南头街道南新路东侧桃园路南侧田厦商业大楼(原物质大厦)一层10号铺
161580559,津市常德牛肉粉(学府店),米粉面馆,5,73,6.5,20,32,深圳市南山区南山街道学府路荔芳村A104号6-3
2125444,1点点（学府路店）,奶茶果汁,4.9,2444,8.5,20,37,深圳市南山区南山街道学府路荔芳村B栋128
896142,CoCo都可（学府店）,咖啡,4.9,745,8.5,20,32,深圳市南山区学府路荔芳村A栋126号
158368880,维星verones （南山店）,咖啡,5,277,6,20,25,深圳市南山区粤海街道学府路桂庙新村学府商业城35-1-10号
2157117,YO！Tea有茶(海雅百货店),甜品,5,703,7,20,37,深圳市南山区粤海街道南海大道东鹏龙商业城负一楼－IS05号商铺
22630,黑龙茶（深大店）,奶茶果汁,5,323,3,0,30,深圳市南山区学府东路厚德品园6-6号-2
156904584,85度C（深圳天利广场店）,甜品,5,343,8.5,30,35,深圳市南山区粤海街道商业文化中心区天利中央商务广场（二期）165、166
1022852,鲜果匠（学府店）,水果,4.6,1090,6.5,20,42,深圳市南山区南头街道学府路112号
1022852,鲜果匠（学府店）,水果,4.6,1090,6.5,20,42,深圳市南山区南头街道学府路112号
155777138,伊米蛋糕（登良路店）,蛋糕,5,97,10,0,38,深圳市南山区粤海街道登良路南油B区11-5号
1355364,烘焙物语面包店,蛋糕,4.3,102,6,20,35,深圳市南山区南山街道南山大道与创业路交汇处南光城市花园1栋D26
161565927,甘草果果(深大店),水果,4.8,93,7,20,25,深圳市南山区粤海街道学府路桂庙新村35-1-9
1539847,顺品甜品(深大总店),蛋糕,5,97,5,20,32,深圳市南山区粤海街道学府东路厚德品园6-4之二
2074061,姐妹豆花,甜品,4.5,216,0,18,39,深圳市南山区粤海街道学府东路桂庙新村98栋
161647887,花千语（厚德品园店）,鲜花,5,40,0,0,0,深圳市南山区粤海街道学府路6号厚德品园首层101
156884008,百果园（南山学府店）,水果,4.2,268,8,20,29,深圳市南山区学府宏观怨102室
159256650,鲜果匠（南山大道店）,水果,4.7,789,6.5,20,46,深圳市南山区南山街道南山大道1041号南园综合楼一楼9号铺
155154644,爽爽甜品（学府城店）,甜品,4.7,195,6,20,28,深圳市南山区粤海街道桂庙新村学府城购物街35-1-25号
157034866,八喜冰淇淋蛋糕（新安店）,甜品,4.4,17,0,15,0,深圳市宝安区新安街道宝民一路78号A1701
898652,花开时间花艺工作室,鲜花,5,25,10,0,0,深圳市南山区白石4025桂庙新村26-1栋
152111514,皇茶(桃苑店),咖啡,5,153,6.5,20,33,深圳市南山区南头街道桃苑小区7栋101
159387244,家果园(缤纷店）,水果,4.6,90,7,20,27,深圳市南山区南头街道缤纷年华家园裙楼A20
154691217,秋尼尔泡芙家族（来福士店）,甜品,4.9,46,9.5,20,39,深圳市南山区南山街道南海大道2163号B1层50A
157031326,美宜佳(学府店),大型超市,5,139,5,30,27,深圳市南山区南头街道学府路荔苑小区综合楼一楼商铺76-4-2
157523067,一只酸奶牛(深大店),甜品,5,63,6,20,25,深圳市南山区粤海街道桂庙新村37号西部校园风味美食街D6档铺
155863565,杏记甜品（南山欢乐颂店）,甜品,4.9,43,8.5,20,30,深圳市南山区南头街道南新3030欢乐颂购物中心一楼
161387206,雅岛英皇茶,咖啡,5,155,8.5,20,32,深圳市南山区南山街道学府路荔芳村B栋125号
161418696,米粒嗷,奶茶果汁,4,57,5,20,28,深圳市南山区粤海街道桂庙新村68-3
161511610,麋鹿霜临甜品屋(深大店),甜品,4.6,47,8,20,33,深圳市南山区粤海街道厚德品园ABC裙楼108号Friday商场L-1-003号
152339617,钰记化州冰冻糖水店,甜品,4.6,14,9,20,34,深圳市南山区南山街道丁头村195号
151710910,贡茶(桂庙店),甜品,4.7,370,5,15,46,深圳市南山区粤海街道学府路桂庙新村46栋104号铺
161289833,果萌（南山店）,水果,4.8,117,6,20,45,深圳市南山区南头街道大新村福惠街3号101室
159420733,美宜多生活超市(学府店),大型超市,5,173,7.5,20,30,深圳市南山区南山街道荔芳村B栋125号-2
864987,邻活生鲜水果超市（科技园店）,水果,4,251,5,20,31,深圳市南山区粤海街道南海大道晶品居裙楼140-141商铺
157005008,云顶新茶(阳光科创店),甜品,4,38,11.5,20,38,深圳市南山区南山街道阳光科创中心一期裙楼01层03号
102681,蜜蜜香饼屋,面包,5,14,5,15,0,深圳市南山区桂庙新村35-1号1楼101号铺
161280960,热麦喜(学府路店),咖啡,4.4,27,6.5,20,34,深圳市南山区南头街道桃苑单身公寓A栋102
1776395,美宜佳(南山赛格店),大型超市,4.4,44,9,20,31,深圳市南山区南头街道南山大道2040号百仕成大厦商铺107号
160171653,梵茶(常兴路店),甜品,5,47,8.5,20,34,深圳市南山区南头街道常兴南路田厦统建楼5栋1层NT-L102
157406651,粒上皇(南山大道),休闲零食,5,43,9,20,31,深圳市南山区南山大道2040号百仕成大厦南侧仓前临时商业街一楼106
150838613,化州爽爽甜品（南园店）,甜品,3.8,412,6.5,20,36,深圳市南山区南山街道南园村新三坊8号
145466035,徐其修凉茶,茶行,4.9,40,9.5,20,43,深圳市南山区学府路北前海天朗风清家园A栋裙楼112-1
157681635,乐品屋糖水,甜品,5,30,9,20,35,深圳市南山区南头街道大新新村137栋1楼103
156019735,通盛商行,便利店,4.4,3,9.5,20,28,深圳市南山区南山街道桂庙路36号
157058592,皇家一号,大型超市,4.9,12,9.5,20,33,深圳市南山区南山街道南山大道中兴之家东座首层2017-14
161109474,广信鲜果行(南山店),水果,5,35,9,20,37,深圳市南山区南头街道大新新村72栋102
161204459,舜达台盖（桂庙店）,甜品,4,8,7,20,28,深圳市南山区粤海街道 桂庙新村37号楼一楼内部专柜D1号
161765830,百佳鲜花（南海道店）,鲜花,0,0,0,0,0,深圳市南山区南山街道南海大道2163号04层29号
699446,满哥甜品（前海店）,甜品,4.4,17,9,20,39,深圳市南山区南头街道前海路西桃园路港湾丽都花园121号（136号铺）
156610954,皇茶（中影百汇亿利达店）,甜品,5,24,6,20,36,深圳市南山区南山街道南山大道与创业路交界处亿利达大厦A栋一楼3号街铺
161408737,7-Eleven便利店(佳嘉豪苑-0701),便利店,4.6,137,9,20,35,深圳市南山区商业文化中心区文心二路佳嘉豪苑商铺1号A、B号商铺
603467,淘禧贡茶（深大店）,奶茶果汁,5,10,8,20,29,深圳市南山区深圳大学7栋（芸香阁）一楼101
154041720,鲜茶时光,咖啡,5,1,9,20,31,深圳市南山区粤海街道创业路3-1-7
156358589,八喜冰淇淋蛋糕（华侨城店）,蛋糕,5,24,0,15,0,深圳市南山区南山街道深南大道9009号G楼
2050512,优信正品商行,大型超市,5,36,0,35,0,深圳市南山区南头街道前海路西学府路北绿海名都1栋一层108C号商铺
926008,天天便利店,大型超市,5,68,4,35,35,深圳市南山区南山街道桂庙路237-7
2184095,柳丝拂鲜花礼品店,鲜花,5,6,10,29,40,深圳市南山区南头街道南新路2042-7号
157842840,邓老凉茶（深大店）,甜品,5,56,8,20,26,深圳市南山区粤海街道学府路桂庙新村学府路桂庙新村37栋B1
155618787,韵琪贝可丽(深圳店),甜品,0,0,5,20,0,深圳市南山区南头街道前海路一甲海边新村商业步行街35号
161706687,子情贝诺（南新店）,甜品,4,2,8.5,20,32,深圳市南山区南头街道南新路3020-1号
154034157,深山果味,水果,4.4,23,10,30,0,深圳市南山区粤海街道登良路后海村s5栋103号铺
162167752,景怡花艺,水果,0,0,0,0,0,深圳市南山区南山街道南光社区创业路28号现代城华庭6栋南光路17-16
151634639,恋尚鲜花(深圳工业店),鲜花,4.4,1,5,20,0,深圳市南山区招商街道工业八路满家福157-2
851299,鲜花使者（缘情花坊店 ),鲜花,3.5,5,0,0,0,深圳市南山区粤海街道科技路北30区6栋硅谷公寓118
151672290,鲜果168,水果,5,32,5,30,0,深圳市南山区南山街道北头村西街8号101
155677024,百花缘,鲜花,5,21,9,98,42,深圳市南山区南山街道西海湾花园19A
153793665,我是酸奶君,奶茶果汁,5,4,6,20,27,深圳市南山区粤海街道学府路桂庙新村五十栋一楼四号铺
1135796,闪电购便利店(南山极速达店),便利店,4.9,39,5,29,0,杭州市西湖区文一西路830号蒋村商务中心B楼1-501室
625290,旋木烘焙,蛋糕,4.7,10,0,148,0,深圳市南山区蛇口街道后海滨路绿海湾花园22号铺
1432286,贡茶(高新园店),奶茶果汁,4.7,809,10,30,37,深圳市南山区粤海街道科慧路1号沛鸿电子大厦1楼108
161706687,子情贝诺（南新店）,甜品,4,2,8.5,20,32,深圳市南山区南头街道南新路3020-1号
156167272,花之吻花店,鲜花,4.4,1,0,100,0,深圳市南山区南山街道科苑北路科兴科学园A栋1座G层乐购超市内
155307462,家宝花艺,鲜花,5,2,0,0,0,深圳市南山区南头街道前海路荷兰花卉小镇B区2-1号
156700618,爱鲜蜂(正云路店),便利店,3.5,48,3,35,0,北京市朝阳区广顺北大街5号院内32号5003
857410,丰盛果园(新安店),水果,4.5,69,8,88,35,深圳市宝安区新安街道七区甲岸村70栋一楼102铺
157842840,邓老凉茶（深大店）,甜品,5,56,8,20,26,深圳市南山区粤海街道学府路桂庙新村学府路桂庙新村37栋B1
1135796,闪电购便利店(南山极速达店),便利店,4.9,39,5,29,0,杭州市西湖区文一西路830号蒋村商务中心B楼1-501室
2050512,优信正品商行,大型超市,5,36,0,35,0,深圳市南山区南头街道前海路西学府路北绿海名都1栋一层108C号商铺
153793665,我是酸奶君,奶茶果汁,5,4,6,20,27,深圳市南山区粤海街道学府路桂庙新村五十栋一楼四号铺
161172171,民心大药房（学府店）,药店,5,170,8,20,31,深圳市南山区南山大道西学府路北桃苑单身公寓A桃苑单身公寓B
156684968,mini寻梦鲜花(主题风店),鲜花,4,49,0,0,0,深圳市南山区南山街道学府106
156348517,八喜冰淇淋蛋糕（桂庙店）,蛋糕,5,20,0,15,0,深圳市南山区粤海街道桂庙新村47-2号
161360492,易购便利店,便利店,5,66,8,20,35,深圳市南山区南山街道南园村正街55号
847779,南山艾美花坊 ,鲜花,5,104,0,20,38,科技园科技路2号
154034157,深山果味,水果,4.4,23,10,30,0,深圳市南山区粤海街道登良路后海村s5栋103号铺
1208641,德国啤酒,大型超市,5,11,0,168,42,深圳市南山区南山街道南山大道与创业路交汇处南光城市花园1栋A17号
155677024,百花缘,鲜花,5,21,9,98,42,深圳市南山区南山街道西海湾花园19A
156273345,爱购便利店(南光店),大型超市,4.7,40,5,30,0,深圳市南山区南光村81号101
161706687,子情贝诺（南新店）,甜品,4,2,8.5,20,32,深圳市南山区南头街道南新路3020-1号
150024247,相思递鲜花(深圳店),鲜花,5,11,0,0,0,重庆市南岸区南坪街道南城大道199号
156022765,有约.茶饮,奶茶果汁,4.4,1,6,20,30,深圳市南山区粤海街道白石路桂庙新村50号201
156684968,mini寻梦鲜花(主题风店),鲜花,4,49,0,0,0,深圳市南山区南山街道学府106
156700618,爱鲜蜂(正云路店),便利店,3.5,48,3,35,0,北京市朝阳区广顺北大街5号院内32号5003
153793665,我是酸奶君,奶茶果汁,5,4,6,20,27,深圳市南山区粤海街道学府路桂庙新村五十栋一楼四号铺
2184095,柳丝拂鲜花礼品店,鲜花,5,6,10,29,40,深圳市南山区南头街道南新路2042-7号
156348517,八喜冰淇淋蛋糕（桂庙店）,蛋糕,5,20,0,15,0,深圳市南山区粤海街道桂庙新村47-2号
156273345,爱购便利店(南光店),大型超市,4.7,40,5,30,0,深圳市南山区南光村81号101
161950106,益力饮用水配送(海文店),便利店,5,6,4,20,0,深圳市南山区粤海街道书山路12-1号铺
161864154,蔬果坊,水果,0,4,0,10,0,深圳市南山区南山街道南新路丁头村北巷仓前锦福苑08栋福庆阁105之二
156355009,勃朗咖啡,甜品,4.4,46,8,20,28,深圳市南山区高新南七道001号深圳市数字技术园A1栋一楼C区
159214005,王子拉茶（深大店）,甜品,4.9,60,5,20,37,深圳市南山区粤海街道深圳大学西南宿舍区春旺小馆
143743089,百年意式咖啡(前海店),甜品,4,36,8,20,40,深圳市南山区前海路与学府路交汇处前海豪苑裙楼105B,106号铺
159254651,七天果辰（瑞峰花园店）,水果,4,29,9,20,33,深圳市南山区南山街道桂庙路22号向南瑞峰一楼A区167号商铺
159430856,蔬菜鲜生（桃园西海明珠店店）,蔬菜豆品,4,44,9,20,28,深圳市南山区南头街道桃园西海明珠E栋101B
159238174,和美便利店,大型超市,4.5,145,5,59,35,深圳市南山区南山街道南园村西街1-4号
161893238,Rico御果甘草水果(海岸城店),水果,5,32,7,20,35,深圳市南山区粤海街道海岸大厦西座141号铺
157207128,百艳千花,鲜花,0,0,0,0,0,深圳市南山区粤海街道粤兴三道南京大学深圳产学研基地写字楼A303号
161065652,又一站便利店,便利店,5,42,8,20,28,深圳市南山区粤海街道学府厚德品园48-13
157985319,全家便利店（储能大厦店）,便利店,4.8,130,8,20,25,深圳市南山区粤海街道科苑南路3099号中国储能大厦一层D单位
161430063,汇客,大型超市,0,2,5,20,0,深圳市南山区南山街道北头村86-4号
160251309,美利多,饮料冰品,5,5,10,20,37,深圳市南山区南头街道桃园路223大新实业股份有限公司办公楼西侧一楼商铺104号
161365447,花之岛鲜花店,鲜花,4.4,15,0,20,0,深圳市南山区粤海街道中信海文花园S13
161648076,花房姑娘(南沙路店),鲜花,5,7,0,20,0,深圳市南山区南山街道学府106
156741067,Hoss鲜花坊,鲜花,4.1,14,0,0,0,深圳市南山区沙河街道石洲北一号铺
1038277,跳舞兰深圳美林实体鲜花店,鲜花,5,2,0,0,0,深圳市南山区南头街道艺园东路缤纷年华商业裙楼A39-2
152294484,E点便利（深圳大学店）,便利店,3.7,113,5,20,28,深圳市南山区粤海街道科技中三路1号海王银河科技大厦103
156998690,佳缘鲜花（深圳前海店）,鲜花,0,1,0,0,0,深圳市南山区前海公园南山花卉世界A区9号
1766938,云顶贡茶（常兴店）,甜品,4.8,85,4.98,0,37,深圳市南山区南头街道常兴路126号常兴广场一层B5B6铺
156917589,蔬米乐,蔬菜豆品,5,90,5,20,36,深圳市南山区学府路国兴苑1001号
161140564,茶颜谷色,甜品,0,7,8,20,23,深圳市南山区粤海街道科苑南路3099号储能大厦1层B单元及附属单位
157699705,佳惠便利店(常兴店),便利店,4,24,9.5,20,34,深圳市南山区常兴路常兴新村704号102
150105027,邻活便利（港之优选学府店）,便利店,4.6,445,3,29,36,深圳市南山区南头街道南山大道赛格电子城1楼1A12
141713313,甘果喔(南山店),水果,4.9,91,6.5,20,41,深圳市南山区南山街道南山村东巷42号-2-3房
161504855,洋一(倍思乐店),蛋糕,0,1,7,20,28,深圳市南山区南头街道莲城社区艺园路38号缤纷年华家园商业裙楼A12号铺
161780211,九燕堂燕窝(蛇口店),休闲零食,4.6,7,10,0,49,深圳市南山区蛇口街道海滨路卓越维港名苑南区9-13栋裙楼1-26号商铺
161608138,塔斯奇（大新店）,甜品,5,25,5,20,41,深圳市南山区南头街道深圳市南山区南头街道前海路西桃园路南港湾丽都花园商铺202之一A铺
161612246,牛小花手工酸奶店(深大店),甜品,4.4,7,8,20,25,深圳市南山区粤海街道桂庙新村87号华城百货超市左侧
161915159,KING COFFEE现磨咖啡(深圳南山区桃园路21044),甜品,4.9,21,8,20,28,深圳市南山区桃园路田厦金牛广场A座-1和101号商铺
150004214,添逸鲜花（深圳宝安1店）,鲜花,4.4,8,0,0,0,深圳市宝安区新安街道前进一路灵芝园新村66-1
157696085,茶班生,甜品,4.3,18,8,20,27,深圳市南山区粤海街道桂庙新村学府城购物街（35-1）1楼10号
160194571,格兰德贝鲜花店,鲜花,0,4,0,0,0,深圳市南山区粤海街道南海大道东鹏龙商业城负1-8层部分之壹楼1L02-2号商铺
161828871,花千谷（芷鑫意浓鲜花店）,鲜花,0,0,0,0,0,深圳市南山区南山街道南海大道2013-1号
161677379,爱维雅鲜花店(南山店),鲜花,5,14,0,0,0,深圳市南山区粤海街道信合购物广场南山店一层107-01号商铺
161297152,菜谱园(南头街店),蔬菜豆品,4.7,12,8,20,29,广东省深圳市南山区南头街道桃园西海明珠E栋101B
161227444,Loe coffee,咖啡,3.5,44,3,20,25,深圳市前海深港合作区前湾一路1号A栋201室（入驻深圳市前海商务秘书有限公司）（实深圳市南山区粤海街道深圳大学乔林阁一楼101室）
161878567,来伊份(桃园路店4911),休闲零食,5,2,9,20,0,深州市南山区南头街道桃园路86号常兴商场2层2029铺
154182295,惠来绿豆饼,休闲零食,5,16,6,20,40,深圳市南山区南山街道大板桥巷41-14
161911318,鲜果管家,水果,4,49,5,20,37,深圳市南山区南山街道南光路鸿瑞花园1007号铺
156803726,百香鲜果园(后海店),水果,4.3,104,9,20,35,深圳市南山区后海大道育德佳园2栋10号商铺
157491897,花兮花坊,鲜花,5,2,0,0,51,深圳市南山区招商街道蛇口荔园路29号
157450937,馨意鲜花（南山店）,鲜花,3.5,5,5,20,0,深圳市南山区粤海街道创业路2052-46
157942411,喜市多（粤兴门市店）,便利店,5,25,9,20,28,广州市天河区华景路169号自编406—1房
161142055,吉米多生活超市（科技园店）,大型超市,4.9,195,8,39,37,深圳市南山区粤海街道高新中二道豪芳现代豪园小区会所一楼1号
158954595,十九度C蛋糕坊,蛋糕,4.4,15,0,20,0,深圳市南山区南山街道仓前锦福苑8栋一楼丁头北巷10-13
153711706,果唯伊（南山店）,水果,5,28,10,20,35,深圳市南山区南头街道南新路3083号大新商厦B栋一楼65号
161338423,鲜生配送（南山店）,海鲜水产,5,10,10,50,36,深圳市南山区南头街道南景苑1-111和南景苑1-112
161597411,爱到花开(玉泉路店),鲜花,4,8,0,0,0,深圳市南山区南头街道玉泉路22号敬夕养老院2号铺
161036244,家旺饮用水配送(南山店),水站,4.8,62,0,0,37,深圳市南山区南头街道南山大道义学街27-3
519937,榴芒一刻蛋糕榴芒一刻蛋糕,蛋糕,4.8,46,0,20,22,深圳
157709899,果味优,水果,4.2,173,8,85,38,深圳市南山区粤海街道南油B区71栋1102房
161539617,便利通便利店(前海路店),饮料冰品,5,17,10.5,20,37,深圳市南山区南山街道桂庙以北前海路以南前海明珠114
156550784,卖茶Ⅱ代,甜品,5,2,8.5,20,35,深圳市南山区南头街道南新2060-8
162185801,御禧贡茶(南山店),咖啡,4.7,324,2,0,39,深圳市南山区南头街道常兴路常兴广场首层北C006号商铺
143515605,榴芒果(南山学府店),水果,4.5,1634,4,25,47,深圳市南山区南山街道南山大道2009号亿利达村3栋109号铺
1139255,贡茶,甜品,4.8,248,8,40,38,深圳市南山区沙河街道白石洲商业步行街C-1F31
161624854,天福便利店(大板桥店),饮料冰品,5,82,3,20,32,深圳市南山区南山街道大板桥巷8号1楼
161381250,百嘉惠便利商行,便利店,5,59,3,29,39,深圳市南山区南山街道南新路2021
155106929,泡芙蜜语,面包,4.8,222,7.9,25,40,深圳市南山区南头街道桃园路223号大新实业股份有限公司办公楼西侧一楼商铺101号铺
160193981,果艺(科技园店),水果,4.9,182,5,20,37,深圳市南山区粤海街道科技园58区5栋四单元107号
161921827,猴子树果汁吧(南山店),蛋糕,5,7,6,20,35,广东省深圳市南山区南山街道阳光棕榈园社区前海路2001号阳光棕榈园24栋108
156274804,圆果果（南山店）,水果,4.8,1107,3,18,48,深圳市南山区南山街道南光村91栋104号
255054,美宜佳便利店(白石洲店),大型超市,4.8,437,6,39,46,深圳市南山区沙河街道白石洲一街246号
161371400,贡茶（南新店）,咖啡,4.8,544,5.5,0,38,深圳市南山区南山街道深圳市南山区南山街道南新路北头豪苑1171-4号
159486185,爱果坊,水果,4.7,461,7,49,48,深圳市南山区粤海街道南油A区12栋101号房
156560332,顶食生活超市,大型超市,4.4,176,5,25,37,深圳市南山区南头街道桃园西海明珠E栋101B
161347145,爱鲜客蛋糕店,蛋糕,4.9,94,0,20,40,深圳市南山区桃源街道龙光社区龙井路光前村西区85号101
156138469,7星果园(南油店),水果,4.4,426,8,35.8,39,深圳市南山区南山街道南油B区26栋101
713596,易站24小时连锁(南山店),便利店,4.9,1766,10,20,40,深圳市南山区向南村大板桥巷13号103铺
458779,果小二,水果,4.8,1594,5,38,28,深圳市南山区粤海街道凯丽花园5栋101
151673142,CHEERS齐饮进口葡萄酒(深圳店),名酒坊,5,65,10,158,30,深圳市南山区南山街道南光路现代华庭第6栋107-3单元
161311065,S.Lcake欧菲克蛋糕(深圳店),蛋糕,4.6,228,0,20,36,深圳市南山区粤海街道兴南路南油B区24栋115-1
159488194,第1时间cake(深圳店),蛋糕,4.8,353,0,0,37,深圳市南山区南山街道前海路大新新村60号-1
1331618,栗上皇,休闲零食,5,63,9.9,180,35,深圳市南山区西丽街道松坪街5－3号
157223687,點茶(南山店),奶茶果汁,4.4,12,6,20,41,深圳市南山区南山街道丁头村318-1
161426200,善麟说-成人情趣外卖（南山地铁站店）,成人用品,4.6,110,8,90,36,深圳市南山区南山街道桂庙路向南东村8号
156039762,精酿啤酒,奶茶果汁,5,45,3,35,36,深圳市南山区粤海街道文心一路99号金钟大厦裙楼57号
161320412,铭兴鲜果园,水果,5,100,7,79,37,深圳市南山区南头街道一甲东街20-2
156237211,正丰商行便利店(南头店),大型超市,4.6,186,6,25,30,深圳市南山区南头城中山东街10号1楼101
161434640,爱丽舍(玉泉路店),休闲零食,5,2,0,0,0,深圳市南山区南头街道深圳南山区学府路荔苑小区综合楼一楼商铺第二间
156970176,Bingo果缤纷甘草水果,水果,4.9,196,9,89,39,深圳市南山区粤海街道创业路海珠城裙楼A区016号05号商铺
150560474,ampm便利店,大型超市,5,390,5,20,36,深圳市南山区粤海街道科发路1号福利臻大厦1栋12A号铺
159387609,天使鲜花(深圳南头店),鲜花,0,1,0,0,0,深圳市南山区南头街道红花路73号之一
152174470,叮当智慧(深圳市南山),药店,5,276,5,0,38,深圳市福田区福田街道金田路与福华路交汇处现代商务大厦1108
150113879,叮当快药(深圳市南山),药店,5,2240,5,0,39,深圳市南山区南山街道南海大道缤纷假日豪园C座1层商铺110号
156520361,果艺(南山店),水果,4.4,201,9,30,38,深圳市南山区南山街道正龙村69栋1层101号
161853067,优果乐(学府店),水果,4.4,51,3,20,39,深圳市南山区南山街道学府路学府花园103号
147521358,威煌厨具百货,便利店,5,59,5,40,38,深圳市南山区南山街道海德二道南光商业街42号
157085333,新奇饮品（南头店）,甜品,5,3,6,20,41,深圳市南山区南头街道深南1288中山东街71号
579614,安琪饼屋（南山店）,蛋糕,4.4,47,0,0,0,深圳市南山区现代城华庭1-5栋裙楼A032
161853674,花时尚鲜花店,水果,4.7,12,15,0,0,深圳市南山区沙河街道白石洲地铁站D出口9039-3号
158114686,仙宇茶饮(科兴科学园店),甜品,5,15,4,20,35,深圳市南山区粤海街道科苑路15号A栋G-05
158061558,旋木烘焙杯子蛋糕(海岸城店),蛋糕,4.9,40,0,148,38,深圳市南山区粤海街道文心五路33号海岸城广场第207号负一层018铺
154514346,喜酒便利店(南山店),便利店,4.9,398,8,35,48,深圳市南山区粤海街道建南路5号南油A区18栋102
156750360,尚之果甘草水果（南山店）,水果,5,95,6,20,40,深圳市南山区南头街道桃园路223号大新实业股份有限公司门前3号铺
162042381,去咖啡（桂庙店）,咖啡,5,78,0,20,42,深圳市南山区粤海街道桂庙新村28栋-1号
146936623,阳光便利店,便利店,4.7,67,5,35,41,深圳市南山区南山街道向南西村大板桥巷10—2号
161453454,爱颂客蛋糕坊(南山店),蛋糕,4.8,96,0,20,37,广东省深圳市南山区南山街道桂庙路向南东村5号A102号铺
161871287,水果忍者(学府店),水果,5,142,9,20,36,深圳市南山区南山街道桂庙路口向南东村9栋102号商铺
157996049,美姬鲜炖燕窝(桃园店),甜品,5,49,0,20,35,深圳市南山区南头街道常兴时代广场西座9F
157869903,致美鲜果,水果,5,71,5,39,32,深圳市南山区南山街道南园村正街14号
160204568,惊喜花坊（南山店）,鲜花,4.4,3,0,20,0,成都市青羊区培风横街259号2栋8号
161003244,欧陆情烘培艺术蛋糕,蛋糕,4.4,2,5,20,0,深圳市南山区沙河街道沙河街71号401
159389197,西芋工坊鲜果捞,水果,3.5,154,5,20,40,深圳市南山区南山街道南光村83栋110室
157488370,浅草时光,鲜花,5,1,20,20,0,深圳市南山区桃源街道龙井村2栋 1-2铺
159286987,南山枫叶花艺坊(南园店),鲜花,0,1,10,100,0,深圳市南山区南山街道南山大道1041-114号
157003015,猪多多（深圳2店）,甜品,5,1,0,0,0,深圳市龙华新区民治街道民强社区樟坑商业中心百易广场A栋L2-002
157169609,冰之优作雪域慕斯蛋糕(福田店),蛋糕,5,129,0,5,39,深圳市福田区梅林街道龙尾路大众公寓1栋一层18-10号房
151652579,阑花坊鲜花,鲜花,5,56,0,0,37,深圳市福田区华富街道花卉世界新市场E5
155951816,欧贝尔蛋糕店(深圳店),蛋糕,5,157,0,0,38,深圳市南山区桃源街道新屋村37号
155903761,花弄语(福田店),鲜花,4.4,19,10,29,0,深圳市福田区红荔路4018号花卉世界E14号
156132969,百分蛋糕（民田路店）,蛋糕,4.4,28,0,0,0,深圳市龙华新区民治街道民福楼B栋（首层B05号铺（民田路））
150985749,尚品花艺（青年店）,鲜花,5,1,0,0,0,深圳市宝安区石岩街道青年西路1号1-3
159432668,唯漫鲜花(深圳店),鲜花,3.5,30,0,0,0,深圳市福田区车公庙深南大道6019号金润大厦一楼大厅11号
150148601,花点时间（四川站店）,鲜花,0,1,0,0,0,北京市朝阳区北苑路169号1幢2层209室
857510,紫藤花艺坊鲜花蛋糕 深圳店,鲜花,0,3,0,0,0,厦门莲花北路蓉方里7号2室(莲花二村公交站旁)
1837556,旋木烘焙杯子蛋糕（皇庭广场店）,蛋糕,5,53,0,148,0,深圳市福田区福田街道福华三路118号皇庭国商购物广场B1层—2号商铺
161603826,花鲜生(香蜜湖店),鲜花,4,9,0,0,0,深圳市福田区香蜜湖街道香蜜湖农科花卉市场大棚区26号
1785642,欣悦花店,鲜花,5,4,0,0,0,深圳市龙岗区龙岗街道龙翔大道9002号105
161654002,全诚花递(花之都鲜花店),鲜花,0,5,0,0,0,深圳市龙华新区民治街道沙元埔村4栋1楼
992679,24楼鲜花蛋糕 深圳店,鲜花,4.4,3,0,0,0,深圳龙岗区平湖街道平湖社区简头岭新村
155679195,鲜花坊(早安弯之畔花坊店),鲜花,0,1,0,0,0,深圳市宝安区新安街道前进一路174号
1232034,天安花卉中心,鲜花,4.4,59,15,280,38,深圳市福田区沙头街道泰安五路天安数码城派出所旁
156065940,沐春风花坊,鲜花,0,3,0,0,0,深圳市福田区福田街道福华一路大中华国际广场裙楼1008号
858341,花见花开花店 ,鲜花,4.5,45,0,0,44,深圳市福田区福民路2号皇庭居一楼2-3
2199209,聚缘花艺（新日高百货店）,鲜花,5,3,0,168,0,深圳市宝安西乡街道固戍社区一路215号旁新日高百货一楼2号铺
502778,花丛灵蜂产品商店,大型超市,4.4,7,0,60,0,深圳市福田区下梅林农产品批发交易大厅第二层干货区9街2156号
1195463,绿艺花店,鲜花,5,6,58,188,51,深圳市罗湖区红桂路嘉福苑1037号旁怡康妇科对面
1053043,香巴拉鲜花(深圳),鲜花,4.4,4,0,0,0,深圳市龙华新区民治街道锦绣江南一期A -219号铺
853137,说声我爱你520深圳鲜花蛋糕配送店 ,鲜花,5,7,0,0,0,新洲路1号
156042899,爱久久(晨曦花店),鲜花,4.4,1,0,0,0,深圳市龙岗区坂田街道五和社区光雅园八巷17号1楼
1195463,绿艺花店,鲜花,5,6,58,188,51,深圳市罗湖区红桂路嘉福苑1037号旁怡康妇科对面
1785642,欣悦花店,鲜花,5,4,0,0,0,深圳市龙岗区龙岗街道龙翔大道9002号105
150148601,花点时间（四川站店）,鲜花,0,1,0,0,0,北京市朝阳区北苑路169号1幢2层209室
150042811,聚缘花艺（福田店）,鲜花,5,5,58,188,0,深圳市福田区沙头街道天安数码城久泰公寓1楼商铺208
857510,紫藤花艺坊鲜花蛋糕 深圳店,鲜花,0,3,0,0,0,厦门莲花北路蓉方里7号2室(莲花二村公交站旁)
1321538,馨语花艺（深圳店）,鲜花,5,24,0,0,51,深圳市宝安区新安街道建安一路1栋104
487800,太阳雨花坊(新园路店),鲜花,5,81,0,0,38,深圳市罗湖区东门街道新园路85号商铺
1230554,蛋糕花语烘焙坊,蛋糕,4.4,8,0,20,0,深圳市龙华新区民治街道梅林关民乐新村114栋103铺
161654002,全诚花递(花之都鲜花店),鲜花,0,5,0,0,0,深圳市龙华新区民治街道沙元埔村4栋1楼
159286921,蝶恋花品牌鲜花馆（梅华店）,鲜花,5,2,0,0,0,深圳市福田区福华三路星河国际花城裙楼二楼5101
640287,心怡蛋糕店,蛋糕,4.4,34,5,80,45,深圳市宝安区西乡街道后瑞社区后瑞华庭瑞盛百货11号商铺
150007863,花西拾鲜花（格格店）,鲜花,5,1,0,0,0,深圳市宝安区沙井街道沙头二路54号
804923,绿韵花艺,鲜花,4.4,4,0,0,0,深圳市盐田区大梅沙艺海路5号商铺
992679,24楼鲜花蛋糕 深圳店,鲜花,4.4,3,0,0,0,深圳龙岗区平湖街道平湖社区简头岭新村
911817,钟情鲜花,鲜花,5,37,0,0,0,深圳市罗湖区莲塘街道国威路192号16栋601
156065940,沐春风花坊,鲜花,0,3,0,0,0,深圳市福田区福田街道福华一路大中华国际广场裙楼1008号
161275759,豆蔻鲜花店,鲜花,5,27,5,20,38,深圳市龙华新区民治街道民治大道东边新村A区20栋101
2199209,聚缘花艺（新日高百货店）,鲜花,5,3,0,168,0,深圳市宝安西乡街道固戍社区一路215号旁新日高百货一楼2号铺
992679,24楼鲜花蛋糕 深圳店,鲜花,4.4,3,0,0,0,深圳龙岗区平湖街道平湖社区简头岭新村
1057863,天之美鲜花（田贝四路店）,鲜花,5,12,0,0,0,田贝四路万山珠宝园
1805718,麦香茶园,蛋糕,5,3,10,200,0,深圳市龙岗区坂田街道五和社区光雅园步行街8号
906757,花精灵鲜花店（深圳罗湖店）,鲜花,4.4,5,0,0,0,笋岗东路68号
156042899,爱久久(晨曦花店),鲜花,4.4,1,0,0,0,深圳市龙岗区坂田街道五和社区光雅园八巷17号1楼
487800,太阳雨花坊(新园路店),鲜花,5,81,0,0,38,深圳市罗湖区东门街道新园路85号商铺
159432668,唯漫鲜花(深圳店),鲜花,3.5,30,0,0,0,深圳市福田区车公庙深南大道6019号金润大厦一楼大厅11号
2199209,聚缘花艺（新日高百货店）,鲜花,5,3,0,168,0,深圳市宝安西乡街道固戍社区一路215号旁新日高百货一楼2号铺
156949995,大自然花艺,鲜花,4.4,1,0,0,0,深圳市福田区福田街道福虹路华强花园裙楼C座103-2A
150025337,清泉坊桶装水,大型超市,4.4,9,2,15,0,深圳市宝安区石岩街道香象路香象工业园宿舍1栋1楼103
161076588,舞花草(新钰阁店),鲜花,5,3,0,0,0,上海市青浦区南巷路1号1层D区196室
1195463,绿艺花店,鲜花,5,6,58,188,51,深圳市罗湖区红桂路嘉福苑1037号旁怡康妇科对面
157870119,可寻花艺,鲜花,5,1,25,0,0,深圳市龙华区龙华街道公园路328号
162215202,西递易烘焙工作室,蛋糕,0,0,30,200,0,深圳市罗湖区南湖街道东门南路金龙大厦701
676936,万佳鲜花（深圳店）,鲜花,5,4,0,0,0,深圳市福田区梅华路上梅林街市10号门店
1321538,馨语花艺（深圳店）,鲜花,5,24,0,0,51,深圳市宝安区新安街道建安一路1栋104
1309749,朵朵花艺鲜花店,鲜花,4.8,75,0,0,37,深圳市宝安区新安街道新安四路269号
146949798,香雪花艺,鲜花,5,15,0,0,39,深圳市宝安区新安街道创业二路7号102-2号商铺
914683,朵尔花店（景田店）,鲜花,4.4,4,10,38,0,福田区莲花路缔梦园雅梦轩商铺108-3
640287,心怡蛋糕店,蛋糕,4.4,34,5,80,45,深圳市宝安区西乡街道后瑞社区后瑞华庭瑞盛百货11号商铺
155750280,幸福驿站花坊,鲜花,0,1,0,0,0,深圳市罗湖区莲塘街道梧桐山新居二期2栋203
156389388,深圳市龙岗区峰之欢桶装水店,水站,5,5,1,20,0,深圳市龙岗区布吉街道三联社区松园上村1巷7号101
1195463,绿艺花店,鲜花,5,6,58,188,51,深圳市罗湖区红桂路嘉福苑1037号旁怡康妇科对面
156516208,爱花居(建设东路店),鲜花,5,56,0,0,36,深圳市龙华新区龙华街道丹枫雅苑106铺
629795,妮依然品牌鲜花店(深圳店),鲜花,4.4,3,0,0,0,青岛市市北区温州路7号4层6户
157737748,爱维尔蛋糕店,蛋糕,5,5,0,20,0,深圳市罗湖区桂园街道红桂路红桂二街20号101
1309749,朵朵花艺鲜花店,鲜花,4.8,75,0,0,37,深圳市宝安区新安街道新安四路269号
1805718,麦香茶园,蛋糕,5,3,10,200,0,深圳市龙岗区坂田街道五和社区光雅园步行街8号
157870119,可寻花艺,鲜花,5,1,25,0,0,深圳市龙华区龙华街道公园路328号
640287,心怡蛋糕店,蛋糕,4.4,34,5,80,45,深圳市宝安区西乡街道后瑞社区后瑞华庭瑞盛百货11号商铺
161076588,舞花草(新钰阁店),鲜花,5,3,0,0,0,上海市青浦区南巷路1号1层D区196室
676936,万佳鲜花（深圳店）,鲜花,5,4,0,0,0,深圳市福田区梅华路上梅林街市10号门店
1232034,天安花卉中心,鲜花,4.4,59,15,280,38,深圳市福田区沙头街道泰安五路天安数码城派出所旁
906757,花精灵鲜花店（深圳罗湖店）,鲜花,4.4,5,0,0,0,笋岗东路68号
141674596,洋河蓝色金典酒荟,大型超市,5,7,1,200,49,深圳市龙华新区龙华街道油松第二住宅小区1栋1楼101
159185254,点点香蛋糕店,蛋糕,5,64,0,0,0,深圳市龙华区民治街道民福路向南新村向南一区40栋102号铺
1221658,澳之华红酒,名酒坊,5,20,8,138,0,深圳市宝安区新安街道中心区宝安大道西南侧花样年花郡115
2354568,维纳斯鲜花(深圳福田1店),鲜花,4.4,4,0,0,0,深圳市宝安新区新安街道幸福海岸一期4栋12D
157511052,妍露滋燕窝,奶茶果汁,4.4,1,0,0,49,深圳市福田区园岭街道八卦岭工业区厂房第525栋502室
153021496,唯瑞婚典花艺,水果,5,16,10,20,40,深圳市福田区福保街道福民路众孚新村183号商铺
157207806,花情缘花艺,鲜花,5,35,0,0,50,深圳市宝安区西乡街道华侨新村西堤三巷1号104室
787872,聚缘花艺,鲜花,5,5,588,188,51,广东省深圳市罗湖区红桂路嘉福苑1037号 天元大厦旁
160177222,恋上蛋糕坊,蛋糕,0,1,0,20,0,深圳市宝安区西乡街道河西二坊94号108铺
161304528,新机冷压果汁(深圳店),奶茶果汁,5,4,10,60,0,深圳市龙华新区龙华办事处清湖社区雪岗北路308号凤天创新科技产业园415
156765997,尚希蛋糕鲜花(深圳店),鲜花,4.4,1,0,0,0,深圳市龙岗区坂田街道大发埔社区长发西路13号-1
160239440,久唯一鲜花,鲜花,4.7,45,0,0,0,深圳市福田区梅林街道上梅林新村61号102
150147070,锅外有锅火锅（五和店）,麻辣烫,4.3,60,40,0,40,深圳市龙岗区坂田街道五和路五巷6号105商铺
156901004,稻田里刺身寿司店,日韩料理,5,25,18,260,0,深圳市福田区福田街道福田南路皇御苑皇御商城1045铺
159433195,蛋糕心语(松岗店),蛋糕,5,19,0,0,0,深圳市宝安区松岗街道红星社区格布统建楼3栋21层2115号
158179412,禾膳屋日本料理,日韩料理,5,58,16,99,37,深圳市宝安区新安街道兴华西路天健时尚空间名苑1235
161452051,味秀超级锅,火锅烤鱼,3.5,41,25,90,0,深圳市福田区莲花街道红荔路与景田路交界西南金色假日名苑201-B
152159014,BFLOWER绽放花期,鲜花,4,13,10,0,52,深圳市罗湖区东门街道翠园路华隆园C-1801
152347574,忆洛塔蛋糕店,蛋糕,4.6,20,0,0,48,深圳市龙岗区龙岗街道龙东社区三和村东三巷3号
157098942,研馨花艺,鲜花,4.4,9,0,0,0,深圳市龙华区龙华街道富联二区204栋4号铺
161342082,花喜花店（南园店）,鲜花,4.1,32,15,100,40,深圳市福田区南园街道南园路94号培训中心大楼一楼门店之一D
156775013,点点香蛋糕店(梅林店),蛋糕,4.4,25,0,0,0,深圳市福田区梅林街道锦林新居10栋5号铺
850781,爱你花店 麻布村,鲜花,4.5,1,0,100,0,深圳市宝安区西乡街道麻布村轻铁花园3巷11号
157131270,巴黎塔蛋糕店,蛋糕,3.5,11,0,0,49,深圳市龙华区民治街道民治大道向南三区五栋103号
871323,深圳花桥鲜花店 ,鲜花,4.7,18,25,0,50,宝安南路西湖花园停车场边上,清庆新村24栋104
156807926,米莱鲜花店,鲜花,5,77,0,0,39,深圳市龙华区龙华街道集瑞楼二期B栋105
161801405,绿韵花田(迎福路店),鲜花,0,0,0,0,0,深圳市光明新区公明街道迎福路48号
1056094,怡硕香蛋糕坊,蛋糕,5,47,0,20,0,深圳市罗湖区桂园街道红桂横街8号
161657945,Hana蛋糕,蛋糕,4.4,12,20,198,0,深圳市福田区香蜜湖街道建业三街竹园小区31栋一楼105
145438390,零下九度蛋糕坊,蛋糕,5,10,0,0,0,深圳市龙华新区大浪街道谭罗华侨新村三区58栋-102号
156530486,甜蜜花坊,鲜花,5,41,0,0,37,深圳市龙华新区龙华街道东环一路集瑞住宅楼B栋B2-105
1527392,花开时节花艺馆,鲜花,5,1,0,0,0,深圳市宝安区新安街道宝源南路203-85深业新岸线11-01
161597118,君子兰(宝安店),鲜花,5,4,0,0,0,深圳市宝安区西乡街道盐田社区盐田新三村上三排  11102
159213144,花现生活花店,鲜花,0,0,18,40,49,深圳市宝安区新安街道71区城管宿舍106号铺位
157857315,麦香园烘焙坊(深圳龙岗区店),蛋糕,5,19,0,0,0,深圳市龙岗区龙岗街道龙东社区兴东大街43-1号
2128276,甜蜜5°C(上沙店),地方小吃,4.7,821,30,0,49,深圳市福田区沙头街道上沙龙秋村八巷10号
156157092,三昧真火烧烤(玫瑰园店),小龙虾,4.8,267,38,78,37,深圳市南山区南山街道月亮湾大道中海阳光玫瑰园4栋102号铺位
151681266,鱼旨日料(刺身寿司),其他菜系,4.7,286,18,168,48,深圳市福田区沙头街道新洲七街新景绿苑一栋一楼26号
1082915,唯唯外带寿司,日韩料理,5,100,48,320,45,深圳市福田区沙头街道上沙塘晏村7巷11号102
2080298,我爱烧烤,烧烤,5,129,40,88,36,深圳市福田区沙头街道沙尾东村273-1号铺
1160341,顺品甜品店,甜品,4.6,56,18,90,35,西丽同沙路莺新花园6一7商铺顺品甜品店
150136350,贴心花坊鲜花店,鲜花,4.4,220,0,0,56,深圳市宝安区西乡街道宝安大道4002-62号碧海名园93号商铺
161619653,ZKC新真烤串烧烤,盖浇饭,4.6,132,38,168,45,深圳市南山区沙河街道深云村商场综合楼1号楼2层101号26B铺
1427936,筑地刺身寿司专营店(新洲店),其他菜系,5,198,18,268,43,深圳市福田区沙头街道新洲中心村一街61栋101
731300,91小龙虾（南山店）,小龙虾,5,42,30,188,50,深圳市南山区蛇口街道海昌街康乐路101
1533412,聚箸(坪洲店),川湘菜,4.7,475,0,20,49,深圳市宝安区西乡街道渔业市场B栋101-103号
161460497,多乐时光(深圳店),蛋糕,5,79,0,0,37,深圳市罗湖区太白路松泉公寓16栋118号
160250303,江竹寿司日本料理,日韩料理,4.6,87,30,268,40,深圳市福田区华富街道振华路田面新村15栋104铺
157817835,牛郎潮汕火锅(梅林店),盖浇饭,5,61,25,0,50,深圳市福田区梅林街道上梅林新村2B栋101店铺
152348585,哈哈镜(新安店),鸭脖卤味,5,44,15,168,0,深圳市宝安区新安街道73区8号楼107
157796410,ZKC真烤串烧烤店,其他菜系,4,60,35,168,51,深圳市罗湖区桂园街道解放路红围街公寓1栋2号商铺
156636879,虾小二小龙虾,小龙虾,4.4,73,49,196,35,深圳市宝安区西乡街道盐田新一村7巷2-2号
161233867,聚箸(车公庙店),川湘菜,4.6,361,5,20,47,深圳市福田区沙头街道车公庙中联大厦一楼附6-2号
2257731,万佳百货,大型超市,4.3,119,0,98,49,深圳市坪山新区坪山街道金牛西路豪方园菁园C座一层C113-C118
527170,龙记潮汕食品,地方小吃,5,19,15,80,0,深圳市福田区下梅林农产品批发市场交易大厅第二层滋补区五街2079
1443784,茶道老街店,盖浇饭,3.5,111,70,200,49,深圳市宝安区石岩街道龙腾社区老街一区4号
152914184,爱花居,鲜花,4.4,7,0,30,50,深圳市南山区招商街道太子路85号
156764543,四季燕鲍翅,甜品,5,25,20,300,0,深圳市福田区南园街道东园路106-1
158054746,杉菜家韩国料理韩国炸鸡(华强店),炸鸡炸串,4.2,140,4.5,0,39,广东省深圳市福田区深圳市福田区华强北街道华强北振中路桑达小区106栋111号-1
156997904,OCEAN CABIN环球食材,肉禽蛋品,5,48,20,20,50,深圳市南山区蛇口街道蛇口海昌街47-49号
161864186,四季甜心蛋糕坊(坪洲店),蛋糕,5,14,10,128,38,深圳市宝安区坪洲麻布新村6巷8-9号102号商铺
147105862,gogosushi外卖寿司,日韩料理,5,156,20,150,55,深圳市福田区华强北街道华强北路赛格科技园6号楼二层
160278828,锅外有锅火锅(罗湖店),麻辣烫,5,57,40,0,38,深圳市罗湖区桂园街道宝安南路蔡屋围七坊35栋101
161265954,爱尚幸福西饼店,蛋糕,4.9,164,0,68,47,深圳市龙岗区布吉街道南三社区布吉新村四区19栋104铺
159287421,遇见鲜花蛋糕坊(西乡店),蛋糕,5,48,0,98,37,深圳市宝安区西乡街道乐群新乐村五巷4号一楼102号铺
159221792,大唐四喜寿司（宝安店）,日韩料理,5,311,15,158,38,深圳市宝安区新安街道46区怡华新村3号楼101铺
161601538,可可莉克Bakery,蛋糕,0,4,0,20,0,深圳市福田区园岭街道八卦一路鹏盛村10栋1层101号铺
157202671,爱尔Cake蛋糕(宝安店),蛋糕,5,19,0,0,0,深圳市光明新区公明街道楼村社区8巷8号
156817633,虾大大麻辣海鲜,小龙虾,5,50,28,128,36,深圳市宝安区西乡街道76区3巷9号101号商铺
2326979,本味零食,大型超市,4,22,10,0,37,深圳市坪山新区坪山坪环社区牛角龙新区7-8号201
161122422,虾童记小龙虾麻辣海鲜夜宵,小龙虾,5,28,38,229,0,深圳市宝安区新安街道水口花园东八巷5号一楼
157203295,美时每客蛋糕(民治店),蛋糕,5,52,0,85,0,深圳市龙华新区民治街道新区大道东侧万科金城华府一期1-8栋223
153148259,HOPE手感烘焙（新洲店）,休闲零食,0,1,10,100,0,深圳市福田区沙头街道新洲祠堂村126栋一楼B1铺
161221623,乾矿老火锅(梅林店),粤菜,5,25,20,128,0,深圳市福田区梅林街道北环路六层综合楼1栋(满京华商业大厦)101室
161294860,宜家花卉(深圳店),鲜花,5,8,0,0,0,深圳市福田区园岭街道八卦岭工业区522栋一层北A2单位
153598715,御花轩花店,鲜花,5,31,0,0,38,东莞市高埗镇高埗南联村3区033号一楼
144800976,那年花开,鲜花,5,10,5,20,50,深圳市龙华区龙华街道共和新村13栋一楼101
2163893,Pick Studio精品超市（华侨城店）,奶站,4.9,146,12,129,35,深圳市前海深港合作区前湾一路1号A栋201室
1803480,安琪饼屋蛋糕店(罗湖店),蛋糕,5,50,0,0,37,深圳市罗湖区东晓街道金稻田路绿茵庭苑B栋0109
161287511,澳大利亚仕奔达酒业有限公司,名酒坊,0,0,5,20,0,深圳市宝安区西乡街道固戍勤辉路六号A栋4楼
155303035,酒家世界名酒,名酒坊,4.6,41,58,358,0,深圳市龙岗区坂田街道雅园路坂田创意园Y1栋103
161504492,幸福甜甜蛋糕店,甜品,4.9,48,0,0,0,深圳市福田区福田街道福强路水围新村240栋104铺
156019745,麦吉尔蛋糕,蛋糕,4.8,321,0,0,39,深圳市罗湖区笋岗街道宝岗路90号笋岗村165-3号铺
156515540,向阳鲜花（龙岗天安数码城店）,鲜花,4.4,17,30,100,49,深圳市龙岗区龙城街道中心城特发龙飞工业园B1栋103号
156974282,花玲珑,鲜花,4.4,1,5,20,0,深圳市龙岗区龙岗街道南联社区银珠路29号
1545613,香麦鲜蛋糕连锁,蛋糕,4.1,55,0,0,34,深圳市宝安区石岩街道塘头又一村134号
157638507,红火火烤鸡,其他菜系,4.7,65,18.1,68,50,深圳市宝安区西乡街道永丰社区6区114栋4号铺
156741397,主流烘焙,蛋糕,5,43,10,100,0,深圳市福田区沙头街道沙尾东村80-2
157232899,可居茶店,茶行,0,0,0,45,0,深圳市罗湖区东晓街道布吉路丰湖大厦裙楼第二层2136号铺
1312356,安琪饼屋蛋糕店（翠竹店）,蛋糕,4.7,101,0,0,46,深圳市罗湖区黄贝街道华丽路22栋2050号
144236075,怡品香蛋糕店,蛋糕,4.8,145,0,20,50,深圳市宝安区西乡街道永丰社区西区67号
161656650,悠悠鲜花,鲜花,4.7,48,5,20,38,深圳市福田区梅林街道上梅林新村61号102
161894056,老行家燕窝(坂田店),滋补保健,0,0,10,0,0,深圳市龙岗区坂田街道美禾大厦102
156950126,花心语鲜花店,鲜花,4.7,42,0,0,32,深圳市龙岗区龙城街道爱联新屯围肚南2巷4号
448348,大鑫燕窝炖品,甜品,5,89,0,49,46,深圳市福田区梅林街道福田农产品批发市场交易大厅第2层滋补区五街2075号
144060404,七里香蛋糕,蛋糕,4.3,88,0,20,39,深圳市龙岗区街道黄君山十二巷2号102铺
160562934,有钳途小龙虾大闸蟹,小龙虾,5,29,15,120,0,深圳市福田区沙头街道沙嘴路沙嘴村三坊44号103
370543,提拉米苏烘焙工坊,蛋糕,4.4,36,0,0,0,龙华新区龙华街道建设路北侧优品建筑10栋（1）9
153235024,秘制家麻辣小火锅(春风店),小龙虾,5,2,50,300,0,深圳市罗湖区南湖街道春风路长丰苑主楼一楼2023号
161631865,大鑫燕窝炖品,甜品,5,63,20,49,80,深圳市福田区梅林街道梅东二路半山御景华庭1层13-4号
156044970,尚雅蛋糕,蛋糕,5,16,0,0,45,深圳市宝安区航城街道钟屋沙边二巷9号104
157188447,半点时光,蛋糕,4.4,232,0,20,52,深圳市宝安区西乡街道永丰社区四区67号101
161247665,御品坊蛋糕,蛋糕,5,3,0,0,44,广州市番禺区市桥街德厚大街2巷5号802地下7号车库
1804472,安琪饼屋蛋糕店(布吉店),蛋糕,5,52,0,0,38,深圳市龙岗区布吉街道吉星花园1栋104房
2242699,味秀超级锅,火锅烤鱼,5,44,12,90,36,深圳市罗湖区桂园街道红岭中路23号五层办公室101-102,201-210,104物业之第A06号A区及第二层A区
161173833,甜言物语零食屋,休闲零食,3.5,27,7,0,0,东莞市万江街道万江社区万龙路133号
145396165,HOPE主流烘焙（沙尾店）,休闲零食,5,1,10,100,0,深圳市福田区沙头街道沙尾东村80-2
146350345,一品大虾(宝安店),小龙虾,3.5,38,39,179,45,深圳市宝安区西乡街道石街新村五巷6号104一楼
157803340,美忆蛋糕,蛋糕,5,46,0,0,47,深圳市宝安区西乡街道固戍下围园二巷5号5-7
2292241,佰泽威进口食品超市(梅林店),大型超市,3.5,60,10,0,46,深圳市福田区梅林街道泰科路4号安通工业大厦3楼301
161641142,旋木烘焙杯子蛋糕(欢乐海岸店),甜品,5,15,0,148,0,深圳市南山区沙河街道白石路东8号欢乐海岸购物中心G层027A
159236710,米斯麦烘焙坊,蛋糕,5,18,0,0,48,深圳市南山区西丽街道白芒村南187栋首层104号
1469242,香麦鲜蛋糕坊,蛋糕,4.4,7,0,0,0,宝安裕安二路223号
160260811,顿康小火锅外卖,火锅烤鱼,4.5,98,59,200,48,深圳市罗湖区笋岗街道宝岗路3号华南布艺市场一楼19号
161236416,爱德斯蛋糕,蛋糕,5,61,0,20,38,深圳市罗湖区莲塘街道莲塘路莲塘村六巷35-3号铺
156058913,大拇指蛋糕店,蛋糕,4.8,53,0,20,0,深圳市罗湖区桂园街道解放路红围街11号
161867017,云兴水业辅城坳饮用桶装水店,水站,4.5,17,0,30,29,深圳市龙岗区平湖街道辅城坳社区辅岐路222号
490730,品味蛋糕坊,蛋糕,5,65,0,0,50,深圳市龙岗区坂田街道和磡路92号耕耘商务楼107铺
1252621,centralcake中央甜点,蛋糕,4.8,63,40,150,36,深圳市福田区福田街道彩田路彩福大厦D座嘉福阁23G2
161899676,罗曼蒂克花艺,鲜花,5,7,0,0,37,深圳市罗湖区桂园街道红桂横街16好105A
1035627,麦琪西饼蛋糕店,蛋糕,5,40,0,0,37,深圳市龙岗区坂田街道光雅园一巷17号
156750886,虾老大,小龙虾,5,20,45,189,0,深圳市宝安区西乡街道盐田新一村19号
157074591,红鑫园花卉,鲜花,4.4,82,0,0,50,深圳市龙华区龙华街道龙园社区公园路368-370号铺
154891510,爱团爱主题情趣店（深圳店）,成人用品,3.5,42,0,0,38,深圳市福田区皇岗吉龙一村88栋102号
937564,小龙虾大闸蟹,肉禽蛋品,4.1,79,40,200,46,深圳市福田区沙头街道下沙村八坊1-3
302714,万佳旺快餐,简餐,4.7,210,6,98,47,深圳市宝安区新安街道办翻身大道东侧（43区）综合楼一栋一层304号
